stock,enddate,current_ratio,debt_to_equity,roe,totalassets,cash,inventory,netreceivables,longtermdebt,debt_to_assets,cash_to_assets,inventory_to_assets,receivables_to_assets
A,2016-10-31,3.8465608465608465,0.448739099693613,0.1088852227197737,7794000000,2289000000,533000000,714000000,1904000000,0.24429047985629973,0.2936874518860662,0.06838593790094945,0.09160892994611239
A,2017-10-31,3.3008709422011084,0.3728006623887394,0.1415855930449182,8426000000,2678000000,575000000,801000000,1801000000,0.21374317588416805,0.3178257773558035,0.06824115831948731,0.09506290054592927
A,2018-10-31,3.286080273270709,0.3939128530764177,0.0691920297788482,8541000000,2247000000,638000000,835000000,1799000000,0.21063107364477227,0.26308394801545487,0.07469851305467744,0.0977637279007142
A,2019-10-31,1.533173076923077,0.3761583824768323,0.2255686604886267,9452000000,1382000000,679000000,998000000,1786000000,0.18895471857807872,0.14621244181125687,0.0718366483283961,0.10558611933982226
AA,2016-12-31,1.1276143211627083,0.2518570923240184,-0.0707463742483197,16741000000,853000000,1160000000,834000000,1424000000,0.0850606295920196,0.050952750731736454,0.06929096230810584,0.04981781255600024
AA,2017-12-31,1.3031980319803198,0.3068759672783551,0.0616847225292947,17447000000,1358000000,1453000000,1043000000,1388000000,0.0795552243938786,0.07783573107124434,0.08328079325958618,0.05978105118358457
AA,2018-12-31,1.4826995546420008,0.3205767176931292,0.0444998220007119,16132000000,1113000000,1819000000,1003000000,1801000000,0.11164145797173321,0.06899330523183735,0.11275725266550955,0.0621745598809819
AA,2019-12-31,1.3772922356613344,0.4375,-0.2735894941634241,14631000000,879000000,1644000000,660000000,1799000000,0.1229581026587383,0.0600779167521017,0.11236415829403322,0.04510969858519582
AAL,2017-12-31,0.5955202500325564,-27.97179487179487,-1.6435897435897435,52785000000,295000000,1359000000,1752000000,21818000000,0.4133371222885289,0.005588708913517097,0.025745950554134697,0.033191247513498154
AAL,2018-12-31,0.477287798408488,-121.6923076923077,-8.355029585798816,60580000000,275000000,1522000000,1706000000,20566000000,0.33948497854077253,0.004539451964344668,0.025123803235391217,0.028161109276989105
AAL,2019-12-31,0.4481459232155534,-177.08474576271186,-14.28813559322034,59995000000,280000000,1851000000,1750000000,20896000000,0.34829569130760896,0.004667055587965664,0.030852571047587297,0.0291690974247854
AAME,2016-12-31,0.9411056788266264,0.3199400669505268,0.0249973921537017,318600000,13252000,0,12581000,33738000,0.10589453860640301,0.04159447583176397,0.0,0.039488386691776525
AAME,2017-12-31,1.209866567666135,0.2987567299518277,0.0400963445735335,343239000,24547000,0,13241000,33738000,0.0982930261421342,0.07151576598230387,0.0,0.038576618624340475
AAME,2018-12-31,1.2175217724831913,0.3329944629233001,-0.0069484884076709,344274000,12630000,0,15223000,33738000,0.09799752522699942,0.03668589553669461,0.0,0.04421768707482993
AAME,2019-12-31,1.2946178159640298,0.2850962066605261,-0.0032618156313641,377626000,12893000,0,13134000,33738000,0.08934236519731163,0.03414224656141261,0.0,0.034780444143146926
AAN,2016-12-31,2.013920326699489,0.3317127857893976,0.0940086312211544,2615736000,308561000,14300000,192465000,491465000,0.18788784495071367,0.11796335715836766,0.00546691256304153,0.07357967317802715
AAN,2017-12-31,1.0739274928980451,0.1571790343077909,0.1692912747887157,2692264000,51037000,16300000,286022000,271606000,0.10088386577245025,0.01895690764352976,0.0060543839682884,0.1062384669556923
AAN,2018-12-31,0.8049095398718549,0.1936573242127598,0.1114381260265756,2826692000,15278000,15200000,203460000,340974000,0.12062651325294727,0.005404904390007826,0.005377310297690729,0.07197812849790497
AAN,2019-12-31,0.5498359480979523,0.1480170774766457,0.0181158940607013,3297800000,57755000,14000000,198102000,257144000,0.0779744071805446,0.0175131906119231,0.004245254412032264,0.06007095639517254
AAOI,2016-12-31,2.6270488386440567,0.153753122471238,0.1373623473947155,322318000,50224000,51817000,49766000,34961000,0.10846741416861609,0.15582126967777163,0.1607635937180052,0.15440031273462854
AAOI,2017-12-31,3.248020026022515,0.1469172697704005,0.2218911652804282,452948000,82936000,75768000,59850000,48964000,0.10810070913217411,0.18310269611522736,0.16727747997562634,0.13213437304061393
AAOI,2018-12-31,2.509429331679971,0.1833154053249223,-0.0065209332288039,466840000,55646000,93256000,30534000,60328000,0.12922628737897351,0.11919715534230144,0.19976008910975923,0.0654057064518893
AAOI,2019-12-31,2.11049203656067,0.3418372937317837,-0.2412361118212963,466825000,59977000,85028000,34655000,93593000,0.20048840571948803,0.12847855191988433,0.1821410592834574,0.07423552723183206
AAON,2016-12-31,3.611008657343374,0.0,0.2592351552710565,256530000,24153000,47352000,49265000,0,0.0,0.09415273067477488,0.18458659805870659,0.19204381553814368
AAON,2017-12-31,3.070548287226605,0.0,0.2269144191614747,296780000,21457000,70786000,52009000,0,0.0,0.07229934631713728,0.23851337691219085,0.17524428869869937
AAON,2018-12-31,2.961782232422985,0.0,0.1696940784066901,307994000,1994000,77612000,60006000,0,0.0,0.006474152093871958,0.2519919219205569,0.19482847068449385
AAON,2019-12-31,3.347415577925323,0.0,0.1851209760805128,371424000,26797000,73601000,68200000,0,0.0,0.07214665718962696,0.1981589773412596,0.18361764452485568
AAP,2016-12-31,1.4071543174378125,0.3576407177579528,0.157610335670628,8315033000,135178000,4325868000,641252000,1042949000,0.12542932782106817,0.016257061156582302,0.5202466424366566,0.07711959772138006
AAP,2017-12-30,1.559408257873272,0.3057883061469971,0.1392321260624573,8482301000,546937000,4168492000,606357000,1044327000,0.12311836139745572,0.06447979150940293,0.4914341049675082,0.07148496616660975
AAP,2018-12-29,1.5652424760997954,0.2945015690772789,0.1193661845892757,9040648000,896527000,4362547000,624972000,1045720000,0.11566869985425823,0.09916623233201868,0.48254804301638554,0.06912911552357752
AAP,2019-12-28,1.2719790195953191,0.2105671862659657,0.1371893174599283,11248525000,418665000,4432168000,689469000,747320000,0.06643715509366784,0.037219546562771565,0.3940221495707215,0.06129416968002471
AAT,2016-12-31,3.8521650566340546,1.3125676296636677,0.0402504582758944,1986933000,44801000,0,47782000,1062597000,0.5347925672380498,0.02254781615686085,0.0,0.02404811838144517
AAT,2017-12-31,3.98833696708608,1.5893176284319488,0.0348766357606361,2259864000,82610000,0,48842000,1325030000,0.5863317438571525,0.03655529713292481,0.0,0.021612805018355087
AAT,2018-12-31,2.554080144156513,1.6084806912277687,0.0245162688345992,2198250000,47956000,0,49104000,1291573000,0.5875460025019902,0.021815535084726487,0.0,0.022337768679631526
AAT,2019-12-31,2.7470074850753052,1.0342936425969067,0.0347951963480189,2790333000,99303000,0,64187000,1358976000,0.4870300426508234,0.03558822549136608,0.0,0.023003347629118102
AAWW,2016-12-31,0.633552615282265,1.0984124829141562,0.0273610757787651,4247379000,123890000,24200000,166486000,1666663000,0.39239799415121657,0.0291685766681052,0.005697631409864766,0.03919734970672502
AAWW,2017-12-31,0.7955445196020557,1.1224288434376843,0.1248552956215472,4955462000,280809000,6900000,194478000,2008986000,0.4054084160064188,0.056666563077267064,0.0013924029686838482,0.0392451803686518
AAWW,2018-12-31,0.7702159506831692,1.0662685617351173,0.1308373840163562,5534792000,221501000,16400000,269320000,2205005000,0.3983898581915996,0.040019751419746216,0.0029630743124583543,0.04865946181898073
AAWW,2019-12-31,0.5754665827239297,1.0910054185435718,-0.1635511854563634,5385641000,103029000,17900000,290119000,1955277000,0.3630537200678619,0.019130313364741542,0.003323652653416743,0.053868982355117986
AAXN,2016-12-31,2.2710567793026564,0.0,0.1146346959334075,278163000,40651000,34841000,39466000,0,0.0,0.146140931755841,0.12525389789440006,0.1418808396515712
AAXN,2017-12-31,1.9008059286706809,0.0,0.0310969637610186,338112000,75105000,45465000,56064000,0,0.0,0.22213053662691654,0.13446727711527542,0.16581487791027824
AAXN,2018-12-31,3.362156724554397,0.0,0.0624941154316919,719540000,349462000,33763000,144539000,0,0.0,0.4856741807265753,0.04692303416071379,0.20087694916196458
AAXN,2019-12-31,3.165637176196271,0.0,0.0016228300168354,845639000,172250000,38845000,194596000,0,0.0,0.20369211921399083,0.04593567704422336,0.23011710670865465
AB,2016-12-31,0.0,0.0,0.140650397528653,1540508000,0,0,0,0,0.0,0.0,0.0,0.0
AB,2017-12-31,0.0,0.0,0.1343798386835541,1544704000,0,0,0,0,0.0,0.0,0.0,0.0
AB,2018-12-31,0.0,0.0,0.1626763271472165,1490701000,0,0,0,0,0.0,0.0,0.0,0.0
AB,2019-12-31,0.0,0.0,0.1536600070336442,1554264000,0,0,0,0,0.0,0.0,0.0,0.0
ABB,2016-12-31,1.3896626840055448,0.4262038073908175,0.1417693169092945,39202000000,3644000000,4347000000,9696000000,5709000000,0.1456303249834192,0.09295444109994389,0.1108871996326718,0.24733431967756747
ABB,2019-12-31,1.3055363663278396,0.4892799053674405,0.106387697767263,46108000000,3544000000,4184000000,7459000000,6618000000,0.1435325756918539,0.07686301726381539,0.09074347184870304,0.16177236054480784
ABC,2017-09-30,0.906225276785343,1.8317463977280268,0.1765516519808318,35316470000,2435115000,11461428000,10303324000,3781569000,0.10707664157827779,0.06895125701974178,0.3245349266220548,0.29174274778877957
ABC,2018-09-30,0.9291231724274478,1.5380493340207255,0.565463525939504,37669838000,2492516000,11918508000,11314226000,4510828000,0.1197464135630209,0.06616742020499265,0.3163939276829383,0.3003523933392015
ABC,2019-09-30,0.9510082283756756,1.5125125177280203,0.2971134631529842,39171980000,3374194000,11060254000,12386879000,4354398000,0.11116103908967584,0.08613794860509986,0.2823511601915451,0.3162178424475863
ABCB,2016-12-31,0.0546021345740011,0.1921161690930438,0.1115344573407772,6892031000,160585000,23414000,0,124191000,0.01801950687685531,0.023300098330956434,0.0033972569188966215,0.0
ABCB,2017-12-31,0.0802838301703127,0.2002588010376902,0.0914231446687856,7856203000,286558000,17475000,0,161104000,0.02050659841656332,0.03647538130061049,0.0022243569826288856,0.0
ABCB,2018-12-31,0.0848678182492786,0.1640591150323377,0.0831031340745028,11443515000,618327000,16753000,0,238927000,0.02087881214819048,0.05403296102639792,0.0014639732634596976,0.0
ABCB,2019-12-31,0.151828524292947,0.1624845824111125,0.0653717916635284,18242579000,512149000,19500000,0,401269000,0.021996286818875773,0.028074374790976648,0.0010689278089463117,0.0
ABEO,2016-12-31,8.368008678881388,0.0,-0.220720902540919,111058000,69142000,0,0,0,0.0,0.6225755911325613,0.0,0.0
ABEO,2017-12-31,25.07437132156233,0.0,-0.1606074145492598,178766000,137750000,0,0,0,0.0,0.7705603973910028,0.0,0.0
ABEO,2018-12-31,4.36528446497003,0.0,-0.4227759334551829,174399000,18750000,0,0,0,0.0,0.10751208435828187,0.0,0.0
ABEO,2019-12-31,3.420841838712178,0.0,-0.4275177940929216,223382000,129258000,0,0,0,0.0,0.5786410722439588,0.0,0.0
ABG,2016-12-31,1.2059009865146166,3.2681444404719344,0.5977833392920987,2336100000,3400000,894900000,138400000,914100000,0.39129318094259663,0.0014554171482385172,0.3830743546937203,0.05924403921065023
ABG,2017-12-31,1.2304857304857304,2.1818873668188736,0.3528665651953323,2356700000,4700000,826000000,128500000,860100000,0.3649594772351169,0.0019943140832520048,0.35049009207790555,0.05452539568040056
ABG,2018-12-31,1.1915905777641371,1.8245984784446323,0.3550295857988165,2695400000,8300000,1067600000,145000000,863400000,0.3203235141351933,0.003079320323514135,0.39608221414261335,0.053795355049343324
ABG,2019-12-31,1.285164394546913,1.3832585486616122,0.2853164165248337,2911300000,3500000,985000000,153300000,894000000,0.3070793116477175,0.0012022120702091848,0.3383368254731563,0.0526568886751623
ABIO,2016-12-31,8.95033388981636,0.0,-0.740920969631432,24629000,7401000,0,0,0,0.0,0.30049941126314506,0.0,0.0
ABIO,2017-12-31,5.941545893719807,0.0,-1.799513381995134,12365000,8702000,0,0,0,0.0,0.7037606146380913,0.0,0.0
ABIO,2018-12-31,8.546027742749054,0.0,-1.3151525198938991,6825000,6608000,0,0,0,0.0,0.968205128205128,0.0,0.0
ABIO,2019-12-31,9.157667386609072,0.0,-0.7203679369250986,8536000,8363000,0,0,0,0.0,0.9797328959700091,0.0,0.0
ABM,2016-10-31,1.6610254691689008,0.2754620123203285,0.0587268993839835,2278800000,53500000,0,803700000,268300000,0.1177374056520976,0.023477268737932246,0.0,0.35268562401263825
ABM,2017-10-31,1.630377408287147,0.8441520680380897,0.0027622301373846,3812600000,62800000,0,1038100000,1161300000,0.30459528930388713,0.016471699102974347,0.0,0.2722813827834024
ABM,2018-10-31,1.477602523659306,0.6201017461845181,0.0672349786882991,3627500000,39100000,0,1014100000,902000000,0.24865609924190213,0.010778773259820813,0.0,0.27955892487939354
ABM,2019-10-31,1.4133421985815602,0.4920881971465629,0.0826199740596627,3692600000,58500000,0,1085800000,758800000,0.2054920652115041,0.015842495802415642,0.0,0.29404755456859666
ABMD,2017-03-31,4.696525273999167,0.0,0.1152827763780468,550414000,39040000,34931000,54055000,0,0.0,0.07092842841933526,0.06346313865563012,0.09820789442129016
ABMD,2018-03-31,5.836789400344819,0.0,0.1626774412493256,786375000,42975000,50204000,70010000,0,0.0,0.05464949928469242,0.06384231441742172,0.08902877126053092
ABMD,2019-03-31,6.388771486254457,0.0,0.2764636189947592,1054346000,121021000,80942000,90809000,0,0.0,0.11478300292313909,0.07676986492100316,0.08612827288195715
ABMD,2020-03-31,4.821344353034841,0.0,0.1905354089196652,1216462000,192341000,90088000,84650000,0,0.0,0.15811509114135913,0.07405738938002174,0.06958704834183066
ABR,2016-12-31,5.431126533799524,3.3067401076697083,0.1011789812974621,2970786000,138645000,0,1629076000,1645543000,0.553908292283591,0.046669467272297635,0.0,0.5483653147685494
ABR,2017-12-31,7.341538734537854,3.672372702728111,0.1210406437556591,3625945000,104374000,0,2436923000,2226622000,0.6140804672988697,0.028785323550136584,0.0,0.6720794165383093
ABR,2018-12-31,7.89222430044545,3.6074682029846006,0.1438014436490364,4612175000,160063000,0,3019771000,2906667000,0.6302161127884349,0.03470445072010494,0.0,0.6547390331026034
ABR,2019-12-31,3.449723063681743,2.8915203874682796,0.117456801103817,6239160000,299687000,0,3949407000,3166530000,0.5075250514492335,0.04803322883208637,0.0,0.6330030004039006
ABT,2016-12-31,4.020420420420421,1.0069627032817217,0.0681663258350375,52666000000,18620000000,2434000000,3248000000,20681000000,0.3926821858504538,0.3535487790984696,0.04621577488322637,0.06167166672995861
ABT,2017-12-31,2.2606597845601435,0.8806680260219438,0.0154383920769006,76250000000,9407000000,3601000000,5249000000,27210000000,0.35685245901639345,0.12337049180327869,0.04722622950819672,0.06883934426229509
ABTX,2016-12-31,0.0817410402102575,1.0534206284821863,0.08166408760011,2450948000,142098000,1789000,0,294765000,0.12026570943161585,0.05797675022073092,0.000729921646644482,0.0
ABTX,2017-12-31,0.08799259815839,1.0793932185162856,0.0574584915190719,2860231000,182103000,570000,0,331228000,0.1158046325628944,0.06366723526875977,0.00019928460323659174,0.0
ABTX,2018-12-31,0.0781882102326982,0.3903246731077806,0.0530723316604645,4655249000,241247000,630000,0,274392000,0.05894249695343901,0.051822577052269385,0.0001353311068860119,0.0
ABTX,2019-12-31,0.090804000889261,0.2582209293316335,0.0746043261746951,4992654000,346248000,8337000,0,183302000,0.036714340709370206,0.06935149121088703,0.0016698533485396746,0.0
ABUS,2016-12-31,12.523760037789325,0.0,-1.8923868870224871,275919000,23413000,0,694000,0,0.0,0.08485461312921545,0.0,0.002515230919219046
ABUS,2017-12-31,8.844328980652218,0.0,-0.6361526229718222,237161000,54292000,0,870000,0,0.0,0.2289246545595608,0.0,0.0036683940445520133
ABUS,2018-12-31,11.498264970193077,0.0,-0.7700612702097223,227905000,36942000,0,1431000,0,0.0,0.1620938548956802,0.0,0.006278932011144995
ABUS,2019-12-31,11.986203372508944,0.0,2.381788320602408,105535000,31799000,0,1204000,0,0.0,0.30131236082816126,0.0,0.011408537452030132
ACA,2016-12-31,2.4994047619047617,0.0,0.0916679087792517,1526300000,14000000,263700000,132900000,0,0.0,0.009172508681124288,0.17277075280089105,0.08707331455152985
ACA,2017-12-31,2.462952326249282,0.0,0.0637119113573407,1602500000,6800000,246800000,165300000,0,0.0,0.004243369734789392,0.15400936037441498,0.10315132605304213
ACA,2018-12-31,3.1856801909307877,0.0,0.0449391510834075,2172200000,99400000,252500000,291400000,0,0.0,0.04576005892643403,0.11624159837952307,0.1341497099714575
ACA,2019-12-31,2.6661971830985913,0.0,0.0632819481680071,2302500000,240400000,283300000,200000000,0,0.0,0.10440825190010858,0.12304017372421282,0.08686210640608034
ACAD,2016-12-31,12.865962193260538,0.0,-0.5235093391151037,561153000,163620000,4175000,7140000,0,0.0,0.2915782326745112,0.007440038634739545,0.012723802599291102
ACAD,2017-12-31,7.617315929023047,0.0,-0.8631552261508866,384506000,69418000,5248000,18430000,0,0.0,0.18053814504845178,0.013648681685071233,0.04793163175607143
ACAD,2018-12-31,8.832468731637707,0.0,-0.5117986803846547,540202000,134758000,4070000,27789000,0,0.0,0.2494585358810223,0.007534218681160011,0.05144186804195468
ACAD,2019-12-31,10.160238419800605,0.0,-0.3365001036995716,783183000,189680000,6341000,37874000,0,0.0,0.24219116094195098,0.008096447445871527,0.0483590680594446
ACBI,2016-12-31,0.0962792622052624,0.162571050326354,0.0441121261419096,2727543000,154829000,1872000,0,49366000,0.018099073048527557,0.056765007921048355,0.0006863319845003361,0.0
ACBI,2017-12-31,0.309993487187201,0.160606306233282,-0.0120807327551268,2891421000,319333000,1215000,0,49535000,0.017131714821189997,0.11044154414040709,0.0004202086102300564,0.0
ACBI,2018-12-31,0.2625110372460452,0.1535718809960049,0.0881561425353696,2955440000,258935000,874000,0,49704000,0.016817800395203423,0.08761301193730883,0.0002957258479278889,0.0
ACBI,2019-12-31,0.1952452473416827,0.1527527220937533,0.1526975910810272,2910379000,466328000,278000,0,49873000,0.0171362561370873,0.1602293034687235,9.552020544403324e-05,0.0
ACC,2016-12-31,1.623528336857493,0.6172439067223805,0.0287551324606638,5865913000,22140000,0,66928000,2126396000,0.3625004325839814,0.0037743485114763893,0.0,0.011409647568929168
ACC,2017-12-31,2.6112093187696543,0.8679262608016964,0.0198101283075823,6897370000,41182000,0,67070000,3024710000,0.43853091830654295,0.005970681578630696,0.0,0.009723996247845193
ACC,2018-12-31,1.912805434451992,0.8697370420599986,0.033637829494598,7038846000,71238000,0,63176000,3027599000,0.43012718277967726,0.010120693079519,0.0,0.008975334877336427
ACC,2019-12-31,1.4578598154153155,1.032358265274036,0.0257897893449917,7559754000,54650000,0,64023000,3401286000,0.4499201958158956,0.007229071210518226,0.0,0.00846892636982632
ACCO,2016-12-31,1.6503444881889764,0.8857062226612107,0.1347537745167207,2064500000,42900000,210000000,391000000,627700000,0.30404456284814724,0.020779849842576897,0.10171954468394284,0.18939210462581738
ACCO,2017-12-31,1.5408618127786031,1.1486887998966542,0.1701330577444774,2799100000,76900000,254200000,469300000,889200000,0.3176735379229038,0.027473116358829625,0.09081490479082563,0.16766103390375478
ACCO,2018-12-31,1.468958611481976,1.0674939850576168,0.1351146004811954,2786400000,67000000,340600000,428400000,843000000,0.3025409130060293,0.024045363192650014,0.12223657766293425,0.15374677002583978
ACCO,2019-12-31,1.3688858695652173,1.0045237172030503,0.1380379992245056,2788600000,27800000,283300000,453700000,777200000,0.2787061607975328,0.009969160152047622,0.10159219680126229,0.16269812809294987
ACEL,2016-12-31,0.0,0.0,0.0,0,0,0,0,0,0.0,0.0,0.0,0.0
ACEL,2017-12-31,0.0,0.0,0.0,0,0,0,0,0,0.0,0.0,0.0,0.0
ACEL,2018-12-31,0.0,0.0,0.0,0,0,0,0,0,0.0,0.0,0.0,0.0
ACEL,2019-12-31,0.0,0.0,0.0,0,0,0,0,0,0.0,0.0,0.0,0.0
ACER,2016-12-31,2.8901366991340804,0.0,0.6578016696490595,2773104,1834018,0,0,0,0.0,0.6613592566308366,0.0,0.0
ACER,2017-12-31,8.128177005357061,0.0,-0.6355088306137435,24368741,15644355,0,0,0,0.0,0.6419845407688481,0.0,0.0
ACER,2018-12-31,7.660269833256903,0.0,-0.4720363866257994,50663419,41671284,0,0,0,0.0,0.822512274586127,0.0,0.0
ACER,2019-12-31,4.653449205518555,0.0,-1.601386116602458,21465511,12077640,0,0,0,0.0,0.5626532720325177,0.0,0.0
ACGL,2016-12-31,1.7233155745912432,0.3901195935521459,0.1085820235212094,29372109000,842942000,0,2848155000,2488908000,0.08473712255391672,0.028698722315105122,0.0,0.09696801138794629
ACGL,2017-12-31,2.1074902161012083,0.3253611626642432,0.0790458004549156,32051658000,606199000,0,3319199000,2549016000,0.0795283663640739,0.01891318695588228,0.0,0.10355779410849822
ACGL,2018-12-31,2.1371512333789284,0.2528006621841291,0.0875272681544331,32218329000,646556000,0,3414507000,2189210000,0.06794920990470983,0.020067955727933625,0.0,0.10598026359467619
ACGL,2019-12-31,1.2163216411317574,0.2198219134151463,0.1526791411811721,37885361000,726230000,0,3922310000,2355913000,0.06218531215790711,0.019169145570501492,0.0,0.1035310182209957
ACHC,2016-12-31,1.248091814562583,1.5006541423170108,0.0028338478514792,6024726000,57063000,4633000,326488000,3253004000,0.5399422313977432,0.009471468080042147,0.00076899762744397,0.05419134413747613
ACHC,2017-12-31,1.249506477401302,1.2457126688434823,0.0776700425322528,6424502000,67290000,4787000,360024000,3205058000,0.49888038014464,0.010473963585037408,0.0007451161195062279,0.05603920739693131
ACHC,2018-12-31,1.0817528345705936,1.3540331383739903,-0.0753222786371446,6172504000,50510000,5055000,352061000,3159375000,0.5118465698847664,0.008183064765936159,0.0008189545118156262,0.05703698207404969
ACHC,2019-12-31,1.1696269867292526,1.2395000999847927,0.0434756230689064,6879142000,124192000,4759000,378204000,3105420000,0.451425483003549,0.01805341421938957,0.0006918013903478079,0.054978367941816
ACHV,2016-12-31,0.0058574682720468,0.0,-2.0229508196721313,3807000,15000,0,0,0,0.0,0.003940110323089045,0.0,0.0
ACHV,2017-12-31,2.934923000496771,0.0,-1.3431907602487625,9892000,5284000,0,0,0,0.0,0.5341690254751313,0.0,0.0
ACHV,2018-12-31,4.751376146788991,0.0,-0.802873054043792,19084000,9515000,0,0,0,0.0,0.49858520226367636,0.0,0.0
ACHV,2019-12-31,6.041826420355525,0.0,-0.9083102493074792,21078000,16664000,0,0,0,0.0,0.7905873422525856,0.0,0.0
ACIA,2016-12-31,5.7318267466653445,0.0,0.3026184753734519,516936000,206402000,31681000,108127000,0,0.0,0.39927960134329976,0.061286116656607395,0.20916902672671278
ACIA,2017-12-31,5.223261626141593,0.0,0.0767015237526142,611250000,67495000,62232000,86602000,0,0.0,0.11042126789366054,0.10181104294478528,0.141680163599182
ACIA,2018-12-31,5.431213292025024,0.0,0.0097786671493673,601859000,60444000,25511000,90831000,0,0.0,0.10042883798364734,0.04238700426511857,0.15091740756555938
ACIA,2019-12-31,4.261244695898161,0.0,0.056773330244475,721415000,36617000,40820000,97948000,0,0.0,0.050757192462036416,0.056583242655059846,0.13577205907833909
ACIW,2016-12-31,1.0840272500704102,0.8680358238057959,0.1715883997843471,1902295000,75753000,0,272776000,655295000,0.3444760144982771,0.03982189933737933,0.0,0.14339311200418442
ACIW,2017-12-31,1.3108906029547955,0.8741114600240388,0.0067159562488474,1861639000,69710000,0,270766000,668343000,0.35900784201448294,0.03744549829478218,0.0,0.14544495468777782
ACIW,2018-12-31,1.9097734475085968,0.6276183398506627,0.0657498204117222,2122455000,148502000,0,348182000,657889000,0.3099660534616753,0.06996708999719664,0.0,0.16404682313641514
ACIW,2019-12-31,1.504005229185391,1.1918983546436712,0.0593485833227135,3257534000,121398000,0,359197000,1346807000,0.4134437276786674,0.037266840499592634,0.0,0.11026653904456561
ACLS,2016-12-31,5.043451844713079,0.0,0.0546077287731751,302231000,70791000,113853000,50573000,0,0.0,0.23422812352141242,0.37670854412684335,0.16733227233473733
ACLS,2017-12-31,4.28538095778627,0.0,0.3590367919459291,488218000,133407000,120544000,75302000,0,0.0,0.27325293209181145,0.24690609522795146,0.15423847543515395
ACLS,2018-12-31,4.668058872666094,0.0,0.1123704195309266,548441000,177993000,129000000,78727000,0,0.0,0.3245435698643975,0.23521217414452966,0.1435468901850883
ACLS,2019-12-31,5.4712658744028895,0.0,0.0406125499788997,548094000,139881000,140364000,83753000,0,0.0,0.25521352176816386,0.2560947574686094,0.15280773006090195
ACM,2016-09-30,1.131205846225538,1.0995675277204306,0.0285450712980791,13669936000,692145000,0,4578525000,3702157000,0.2708247500207755,0.05063264378121449,0.0,0.33493390166566983
ACM,2017-09-30,1.1978788103138922,0.9264244921206188,0.0849297544672014,14396956000,802362000,0,5183142000,3702109000,0.2571452604286628,0.05573136432451416,0.0,0.36001652015884467
ACM,2018-09-30,1.1627565367636827,0.851193076588529,0.0333435953068574,14681131000,886733000,0,5595637000,3483746000,0.23729411582799717,0.060399501918482985,0.0,0.38114481779367
ACM,2019-09-30,1.166037116238099,0.8903095343382713,-0.0707342160139772,14461591000,1080354000,0,5826741000,3285755000,0.22720563733271118,0.0747050583853464,0.0,0.4029114777205357
ACMR,2016-12-31,2.36375886109321,0.0,-0.4235825801150369,44467000,10119000,11666000,17789000,0,0.0,0.22756201227876852,0.2623518564328603,0.40004947489149256
ACMR,2017-12-31,2.8837145345372877,0.0,-0.0079785232205133,67891000,17681000,15388000,29253000,0,0.0,0.26043216332061686,0.22665743618447218,0.4308818547377414
ACMR,2018-12-31,2.08123103597746,0.0,0.1256402415717452,103047000,27124000,38764000,28155000,0,0.0,0.2632196958669345,0.3761778605878871,0.273224839151067
ACMR,2019-12-31,3.708197824380397,0.0,0.1941410384192517,217703000,58261000,44796000,33694000,0,0.0,0.26761689090182494,0.20576657188922523,0.15477049007133573
ACNB,2016-12-31,0.0206176134647566,0.4997459624690782,0.0905289811012735,1206320000,17728000,256000,0,60000000,0.049738046289541746,0.014695934743683269,0.00021221566416871146,0.0
ACNB,2017-12-31,0.0269035197295907,0.4488003845004741,0.0635724770403855,1595432000,32672000,436000,0,69100000,0.04331115334279367,0.020478466020488494,0.0002732802150138646,0.0
ACNB,2018-12-31,0.0294885652520195,0.3569470134473673,0.1293469016337867,1647724000,39025000,155000,0,60016000,0.0364235757930333,0.023684184972726015,9.406915235804054e-05,0.0
ACNB,2019-12-31,0.0798703809401064,0.2442854429177483,0.1251662128791236,1720253000,112080000,364000,0,46296000,0.02691232045518886,0.06515320711546499,0.0002115967825662853,0.0
ACOR,2016-12-31,1.8435101858675735,0.4878419658813238,-0.0521189802638017,1342335000,158537000,43135000,52239000,324030000,0.24139279688006346,0.118105390979152,0.0321343032849475,0.03891651487892367
ACOR,2017-12-31,3.0681994998610724,0.6432372347770233,-0.429547277143467,1197969000,307068000,37501000,81403000,334475000,0.27920171557026935,0.25632382807902376,0.03130381504028902,0.06795084013025379
ACOR,2018-12-31,3.765307723020762,0.5607018495611806,0.0550374765312108,1299666000,293564000,29014000,23430000,343140000,0.2640216794160961,0.22587649442241314,0.022324197139880556,0.01802770865745507
ACOR,2019-12-31,2.3281009434508304,0.7022360208480792,-0.8782124702400103,799718000,62085000,25221000,22083000,218269000,0.2729324586916888,0.07763361584958697,0.03153736692183995,0.02761348375302294
ACRE,2016-12-31,3.791298126045764,1.388252364394827,0.096260640671648,1373703000,47270000,0,1314140000,581718000,0.42346708131233607,0.034410640436833874,0.0,0.9566405547632931
ACRE,2017-12-31,2.485111550153696,1.5290741226709927,0.0725409738292339,1770219000,28343000,0,1727228000,640942000,0.36206932588566726,0.016011013326599703,0.0,0.9757143042753468
ACRE,2018-12-31,32.49143114237801,2.6334826956650463,0.0906888603270306,1603324000,11089000,0,1577298000,1120776000,0.6990327594422587,0.006916256477168682,0.0,0.9837674730746874
ACRE,2019-12-31,2.3897287892178523,1.4647686465465275,0.0867642885121933,1784134000,5256000,0,1724911000,624488000,0.3500230363862804,0.0029459670630120833,0.0,0.9668057444115745
ACRS,2016-12-31,22.26514542825004,0.0,-0.2836686530178771,176085000,30171000,0,0,0,0.0,0.17134338529687368,0.0,0.0
ACRS,2017-12-31,15.68884187431437,0.0,-0.3041924514565262,243509000,20202000,0,0,0,0.0,0.08296202604421192,0.0,0.0
ACRS,2018-12-31,6.56495501426377,0.0,-0.6170301779438835,275566000,57019000,0,0,0,0.0,0.20691594754069806,0.0,0.0
ACRS,2019-12-31,3.7358684022824535,0.0,-2.3079585764961665,98297000,35937000,0,0,0,0.0,0.36559610161042555,0.0,0.0
ACRX,2016-12-31,8.738396624472573,-3.492036724751733,8.086378115045905,99993000,80310000,2154000,5833000,18637000,0.18638304681327694,0.8031562209354655,0.021541507905553387,0.05833408338583701
ACRX,2017-12-31,4.642240117130307,-0.3114026678353283,1.4108302062505136,75552000,52902000,956000,1533000,11369000,0.1504791401948327,0.7002064803049556,0.012653536637018212,0.020290660736975857
ACRX,2018-12-31,6.7801356102461074,0.7947331295556078,-11.086056901011052,120533000,87975000,854000,401000,3380000,0.028042112948321207,0.7298831025528278,0.007085196585167547,0.003326889731442841
ACRX,2019-12-31,5.266916464624201,-0.4953643343473852,1.2854314549229804,91356000,14684000,3295000,598000,20517000,0.22458295021673452,0.16073383247953063,0.03606769122991375,0.006545820745216516
ACTG,2016-12-31,6.6861764392891345,0.0,-0.2035739431979487,296003000,127540000,0,26750000,0,0.0,0.4308740114120465,0.0,0.09037070570230707
ACTG,2017-12-31,14.617034634299468,0.0,0.0753650174481228,308768000,136604000,0,153000,0,0.0,0.4424163125712509,0.0,0.0004955176702248938
ACTG,2018-12-31,6.491767359432898,0.0,-0.5545558705971182,223949000,128809000,0,32884000,0,0.0,0.5751711327132517,0.0,0.14683700306766273
ACTG,2019-12-31,14.661971830985916,0.0,-0.0988592057761732,218161000,57359000,0,511000,0,0.0,0.2629205036647247,0.0,0.002342306828443214
ACTT,2019-12-31,54.17041605581113,0.0,0.786427384430708,305392570,1005831,0,0,0,0.0,0.003293567358236646,0.0,0.0
ACU,2016-12-31,5.067298202741583,0.7141285973873657,0.1268637056625724,92066092,5910770,37237861,20020984,32935858,0.35774145816898584,0.06420137828811068,0.4044687918327195,0.21746316765568804
ACU,2017-12-31,4.636702583827381,0.9444003686732064,0.0811502176308927,114729806,9338269,40086871,26012368,47161459,0.4110654471079643,0.08139357439513147,0.34940241248207116,0.22672720286827644
ACU,2018-12-31,5.4615672630417755,0.8355731976499229,0.0878681091150186,109477786,4409042,41332137,25101663,43727560,0.3994194767512014,0.04027339391024952,0.37753902878525514,0.22928544609040596
ACU,2019-12-31,4.410880893535921,0.653768915207062,0.098978725080258,110748853,6821883,39261105,25484865,36418185,0.32883577584320445,0.0615977756446832,0.3545057482446342,0.2301140310681141
ACY,2016-12-31,11.245848328491522,2.9608778311631476,0.0287457470788372,218736100,2194400,0,21514400,125837900,0.5752955273500807,0.010032180330544432,0.0,0.09835779279231914
ACY,2017-12-31,17.408326661329063,3.07385146104753,0.1562110089999936,236409900,8657800,0,27386100,145598200,0.6158718395464826,0.0366219857967031,0.0,0.11584159546617971
ACY,2018-12-31,15.41188435275316,3.175075506383226,-0.1957280462314624,217152200,1542500,0,19218100,131092200,0.603688104472347,0.0071033127916733056,0.0,0.08850060003997197
ACY,2019-12-31,11.371612718418792,4.799876174834255,-0.7162296956824572,149595800,2350200,0,9941800,111638400,0.7462669406494032,0.01571033411365827,0.0,0.06645774814533563
ADAP,2016-12-31,4.935460640675441,0.0,-0.4308302536384538,234515000,158779000,1192000,7727000,0,0.0,0.6770526405560412,0.005082830522567853,0.03294885188580688
ADAP,2017-12-31,3.0974378986462847,0.0,-0.3455346234185946,281147000,84043000,3760000,11660000,0,0.0,0.2989290300092123,0.013373786666761516,0.04147296609958492
ADAP,2018-12-31,9.45676637885174,0.0,-0.3868764809526703,276736000,68379000,1087000,18156000,0,0.0,0.24709109042553193,0.0039279313135985195,0.06560765494912119
ADAP,2019-12-31,3.508604874639643,0.0,-1.1094081107750045,181543000,50412000,1459000,20671000,0,0.0,0.2776862781820285,0.008036663490192407,0.11386283139531682
ADBE,2016-12-02,2.0770028826643574,0.2548474141176201,0.1574152152876124,12697246000,1011315000,0,833033000,1892200000,0.14902444199316922,0.07964837414349536,0.0,0.0656073765917428
ADBE,2017-12-01,2.0546850039561075,0.222518693847387,0.2002340698183388,14535556000,2306072000,0,1217968000,1882479000,0.1295085650662417,0.15865041557405854,0.0,0.08379232277045336
ADC,2016-12-31,2.2196196771566794,0.5899399395002475,0.066060693023787,1141972000,33395000,0,11535000,402916000,0.35282476277877217,0.02924327391564767,0.0,0.010100948184368793
ADC,2017-12-31,2.5346826424870468,0.5720560252943617,0.0639534435834706,1494634000,50807000,0,15477000,519805000,0.3477807944955086,0.033992937401397263,0.0,0.010355043442073443
ADC,2018-12-31,1.8446545028211327,0.5837380417854904,0.0470618692231458,2028189000,53955000,0,21547000,721544000,0.35575777208139875,0.026602550354035054,0.0,0.010623763367220708
ADC,2019-12-31,1.3191647618010958,0.5210595200111761,0.0474039723417139,2664530000,15603000,0,26808000,880242000,0.33035544730215083,0.005855816973349897,0.0,0.010061061425467156
ADCT,2017-12-31,12.905728330169854,0.0,-0.3606511321769423,271949000,262752000,0,1531000,0,0.0,0.9661811589673064,0.0,0.005629732045346738
ADCT,2018-12-31,6.355909456920462,0.0,-0.9750718851738314,150558000,138807000,0,741000,0,0.0,0.9219503447176504,0.0,0.004921691308333001
ADCT,2019-12-31,6.147821290678434,0.0,-1.047932635215373,137682000,115551000,0,1362000,0,0.0,0.8392600339913714,0.0,0.009892360657166515
ADES,2016-12-31,1.6409261524187089,0.0,1.28245257007812,107296000,13208000,16000,10607000,0,0.0,0.12309871756635848,0.00014912019087384433,0.09885736653742917
ADES,2017-12-31,5.363186972957255,0.0,0.3794568102920155,82618000,30693000,74000,4360000,0,0.0,0.37150499891064903,0.0008956885908639764,0.052773003461715366
ADES,2018-12-31,1.468012475748422,0.0,0.521789041458784,159664000,18577000,21791000,13838000,0,0.0,0.11635058623108528,0.1364803587533821,0.08666950596252129
ADES,2019-12-31,1.1967542543179102,0.0,0.3281590514534776,173799000,12080000,15460000,11676000,0,0.0,0.06950557828295904,0.08895333114689959,0.06718105397614486
ADI,2016-10-29,6.354128189604743,0.3353281253085303,0.1668075339678621,7970278000,921132000,376555000,477609000,1732177000,0.21732955864274747,0.11557087469220019,0.04724490162074648,0.05992375673721795
ADI,2017-10-28,1.4729630177181188,0.7431042932468898,0.0792575731631229,21141294000,1047838000,550816000,688953000,7551084000,0.35717227147969277,0.04956356976067785,0.026054034346242004,0.03258802417676042
ADI,2018-11-03,2.0082053876023536,0.556050568268698,0.133737740803234,20438366000,816591000,586760000,639717000,6265674000,0.3065643310233313,0.03995382996859925,0.028708752940425863,0.03129981134499695
ADI,2019-11-02,1.3158450834928597,0.4434339938858271,0.1164052537204117,21392641000,648322000,609886000,635136000,5192252000,0.24271206159164732,0.030305842088407878,0.02850914947808454,0.02968946190421276
ADIL,2016-12-31,0.5545194671769554,0.0,4.060177983051994,151526,87993,0,0,0,0.0,0.5807122210049722,0.0,0.0
ADIL,2017-12-31,0.0264005681625503,0.0,1.1422510884133474,34546,18248,0,0,0,0.0,0.5282232385804282,0.0,0.0
ADIL,2018-12-31,18.19001139649732,0.0,-2.618906444516045,4699285,3869043,0,0,0,0.0,0.8233258889384234,0.0,0.0
ADIL,2019-12-31,14.235141016341682,0.0,-1.2031826239471102,7679637,6777052,0,0,0,0.0,0.8824703563462699,0.0,0.0
ADM,2016-12-31,1.5975859713049418,0.3787340592791009,0.0744773772782856,39769000000,619000000,8831000000,4945000000,6504000000,0.16354446931026678,0.015564887223716966,0.2220573813774548,0.12434308129447559
ADM,2017-12-31,1.585123309466985,0.3616556544531207,0.0870965980451045,39963000000,804000000,9173000000,4069000000,6623000000,0.16572829867627556,0.020118609713985436,0.22953732202287117,0.10181918274403824
ADM,2018-12-31,1.7483016304347827,0.4055634581950371,0.095358516411148,40833000000,1997000000,8813000000,4223000000,7698000000,0.18852398795092204,0.04890652168589131,0.21583033330884333,0.1034212524183871
ADM,2019-12-31,1.554317751565458,0.3994169096209912,0.0717930029154518,43997000000,852000000,9170000000,5652000000,7672000000,0.17437552560401845,0.01936495670159329,0.2084233015887447,0.12846330431620337
ADMA,2016-12-31,1.929734138202371,-2.764396618372445,4.37828222796865,23685085,9914867,5020146,1018027,12321640,0.5202278142552581,0.418612261682827,0.2119538941912178,0.04298177523956532
ADMA,2017-12-31,6.603851111784591,0.9969775683819482,-1.084948767573712,108018833,43107574,12628181,3880154,40210854,0.37225780804352887,0.39907461322045573,0.1169072156148919,0.035921087945839966
ADMA,2018-12-31,4.62643243471252,2.0897369092176916,-3.3253408447501265,88876521,22754852,18616169,1392441,41315014,0.46485858734276964,0.2560277083753087,0.20946104539803037,0.01566714115643658
ADMA,2019-12-31,6.1178382954589114,3.176373180635898,-1.8432039996412803,127090725,26752135,53064734,3469919,83199216,0.654644278722936,0.21049635998220956,0.41753427718663183,0.027302692623714278
ADMP,2016-12-31,0.8210778541304046,0.0,-0.768884570114366,37786412,4090651,942067,805372,0,0.0,0.10825719573480541,0.02493136950922993,0.021313799256727523
ADMP,2017-12-31,2.442261864865151,0.0,-0.6457801462161284,51403158,17323241,1824558,830090,0,0.0,0.33700732939404227,0.03549505654886029,0.016148618728833743
ADMP,2018-12-31,2.2316879441217963,0.0,-0.8354093823335254,58358047,19271642,3279032,1155166,0,0.0,0.33023109906333914,0.056188172301242366,0.01979445953700267
ADMP,2019-12-31,1.3591629645670946,0.0,-0.813235579280147,47840517,8810636,2061097,1877655,0,0.0,0.18416682244466548,0.04308266568273081,0.03924821715450943
ADMS,2016-12-31,12.007287283177666,0.0,-0.4543549473078989,142473000,23735000,0,962000,0,0.0,0.16659296849227573,0.0,0.006752156548960154
ADMS,2017-12-31,10.789125067742518,0.0,-1.3533254695581165,186176000,91316000,0,1374000,0,0.0,0.4904821244413888,0.0,0.007380113441045033
ADMS,2018-12-31,9.407357060471249,0.0,-1.4574066863214108,234814000,56605000,0,6351000,0,0.0,0.24106313933581472,0.0,0.027046939279600023
ADMS,2019-12-31,5.5781505120973724,0.0,117.78947368421052,162158000,65774000,0,7029000,0,0.0,0.4056167441631002,0.0,0.04334661256305578
ADNT,2016-09-30,1.3359154929577466,0.8242337164750958,-0.3702107279693487,12956000000,105000000,660000000,2423000000,3442000000,0.26566841617783266,0.008104353195430689,0.0509416486569929,0.1870175980240815
ADNT,2017-09-30,1.0395101663585953,0.8039261509698528,0.2049544286048142,13170000000,709000000,735000000,2656000000,3440000000,0.2611996962794229,0.05383447228549734,0.05580865603644647,0.20167046317388004
ADNT,2018-09-30,1.0279103053435117,1.4297658862876257,-0.7044314381270903,10942000000,687000000,824000000,2609000000,3420000000,0.31255711935660757,0.06278559678303784,0.07530615975141657,0.2384390422226284
ADNT,2019-09-30,1.0732724902216428,2.0064935064935066,-0.2656926406926407,10342000000,924000000,793000000,2277000000,3708000000,0.35853800038677236,0.08934442080835428,0.07667762521755947,0.22017017984915876
ADP,2016-06-30,1.1019041827301284,0.447987325955016,0.333028382720457,43670000000,3191100000,0,1742800000,2007700000,0.04597435310281658,0.07307304785894207,0.0,0.03990840393863064
ADP,2017-06-30,1.0953451011037736,0.5034950968066382,0.4495348252451596,37180000000,2780400000,0,1703600000,2002400000,0.05385691231845078,0.07478214093598709,0.0,0.045820333512641205
ADP,2018-06-30,1.0463819391241158,0.4228129816930256,0.398002491606664,38849100000,2170000000,0,1984200000,2002400000,0.05154302158865971,0.055857149843883125,0.0,0.05107454226738843
ADPT,2017-12-31,9.772270628005524,0.0,0.1906854364782562,362489000,85305000,4792000,5582000,0,0.0,0.23533127901812192,0.013219711494693632,0.015399087972324678
ADPT,2018-12-31,7.926228070175439,0.0,0.1799490143813538,332688000,55030000,7838000,4807000,0,0.0,0.1654102342134372,0.02355961140768528,0.014448973212138701
ADPT,2019-12-31,7.8236052762632,0.0,-0.1201424070860309,912302000,96576000,9069000,12676000,0,0.0,0.10585968242972174,0.009940787151623037,0.013894521770203288
ADRO,2016-12-31,11.581483416035518,0.0,-0.4011442654695889,438611000,74932000,0,1138000,0,0.0,0.17083930863567034,0.0,0.0025945541721479853
ADRO,2017-12-31,8.457066254438299,0.0,-0.3868355560421606,445128000,157614000,0,18484000,0,0.0,0.35408691432576694,0.0,0.04152513434337988
ADRO,2018-12-31,9.27273323065832,0.0,-0.7047246713127536,357504000,126310000,0,12037000,0,0.0,0.3533107321876119,0.0,0.033669553347654854
ADRO,2019-12-31,10.087588537567704,0.0,-1.2557664456132327,291313000,59624000,0,342000,0,0.0,0.20467332388187276,0.0,0.0011739949813430915
ADS,2016-12-31,2.1224660057424565,6.092932095042817,0.3110601857435773,25514100000,1859200000,271300000,797200000,10103300000,0.39598888457754733,0.07286951136822384,0.010633336076914334,0.031245468192097704
ADS,2017-12-31,2.43484088422837,7.23101385220719,0.425106451786773,30684800000,4190000000,234100000,822300000,13415700000,0.4372099541140891,0.13654969235582437,0.00762918448221921,0.026798284492647824
ADS,2018-12-31,2.1518373389063044,4.511213069765447,0.4129754298700742,30387700000,3817400000,248000000,404000000,10520600000,0.34621244779960314,0.12562319622742096,0.00816119680002106,0.013294852851647212
ADS,2019-12-31,2.031056266846361,4.4082981804445005,0.1750299061890071,26494800000,3874400000,218000000,451100000,7001700000,0.2642669504959464,0.1462324682579223,0.008228029651101348,0.017025982456934947
ADSK,2017-01-31,1.1259266038253866,1.4885496183206106,-0.7934841875681571,4798100000,1213100000,0,452300000,1092000000,0.22759008774306497,0.2528292449094433,0.0,0.0942664804818574
ADSK,2018-01-31,0.8844668425018839,-6.1953125,2.214453125,4113600000,1078000000,0,438200000,1586000000,0.3855503695060288,0.2620575651497472,0.0,0.10652469856087125
ADSK,2019-01-31,0.7039805318964019,-9.89900426742532,0.3831199620673305,4729200000,886000000,0,474300000,2087700000,0.4414488708449632,0.18734669711579124,0.0,0.10029180411063182
ADSK,2020-01-31,0.8260748011928429,-11.754852624011502,-1.5420560747663552,6179300000,1774700000,0,652300000,1635100000,0.26460925994853784,0.28720081562636546,0.0,0.10556211868658262
ADSW,2016-12-31,0.6614294516327788,2.274864376130199,-0.0366485834840265,3369900000,1200000,7800000,184900000,1887000000,0.5599572687616843,0.00035609365263064184,0.002314608742099172,0.0548680969761714
ADSW,2017-12-31,0.6634119880661785,2.058218403798327,0.0432964051548722,3493300000,6800000,8800000,206700000,1820700000,0.521197721352303,0.0019465834597658374,0.0025191080067557894,0.05917041193141156
ADSW,2018-12-31,0.653416149068323,1.917608337904553,0.010312671420735,3528300000,6800000,9300000,217800000,1747900000,0.49539438256384094,0.0019272737579004054,0.0026358302865402603,0.061729444775104156
ADSW,2019-12-31,0.6295767950546838,1.9178037686809617,-0.0071474983755685,3543500000,12500000,9300000,213600000,1770900000,0.49976012417101734,0.003527585720333004,0.002624523775927755,0.06027938478905037
ADT,2016-12-31,0.4555287206802269,2.646617481949952,-0.1410224400889782,17176481000,75891000,108889000,135218000,10070316000,0.5862851651627595,0.004418308965614086,0.006339424239458594,0.007872276050024449
ADT,2017-12-31,0.5086582791447049,3.134884326523574,0.0998007055988852,17014820000,122899000,106924000,148822000,10762409000,0.632531463747486,0.0072230561357687,0.006284168742308176,0.008746610307955064
ADT,2018-12-31,0.8434819109324536,2.3480944090910705,-0.144185352933449,17208608000,363177000,115315000,245714000,9920241000,0.5764696947016283,0.021104379854547214,0.006701006844946436,0.014278551757353064
ADT,2019-12-31,0.5586026249231957,3.032084221395196,-0.1331975031788087,16083652000,48736000,138402000,287243000,9655275000,0.6003160849289702,0.0030301575786394782,0.008605135201880767,0.017859314538762713
ADTN,2016-12-31,2.7889674793535386,0.0,0.0734676768498301,667235000,79895000,105117000,108084000,0,0.0,0.11974042129084955,0.15754119613029893,0.1619879053107226
ADTN,2017-12-31,3.8674567956711416,0.0,0.0478800428188973,669094000,86433000,122542000,170728000,0,0.0,0.12917915868323435,0.18314616481391255,0.2551629516928862
ADTN,2018-12-31,3.01182950597407,0.0,-0.0433406008349037,628027000,105504000,99848000,136084000,0,0.0,0.16799277738059032,0.15898679515371156,0.21668495144317043
ADTN,2019-12-31,2.841869915092582,0.0,-0.1392701865803073,545118000,73773000,98305000,107097000,0,0.0,0.13533400107866553,0.18033710132485076,0.19646571934883825
ADUS,2016-12-31,2.640266021765417,0.1425057998757622,0.0770781303482461,229864000,8013000,0,116999000,22482000,0.09780565899836426,0.03485974315247277,0.0,0.5089922736922702
ADUS,2017-12-31,2.826385358413828,0.2203971436512032,0.0775967193960603,271691000,53754000,0,93533000,38858000,0.1430227721934109,0.19784976315004912,0.0,0.34426241575907923
ADUS,2018-12-31,3.0161290322580645,0.0622103341523519,0.0635241513720679,355388000,70406000,0,108000000,17141000,0.048231791731853636,0.19811023444798362,0.0,0.3038932096750594
ADVM,2016-12-31,22.764147130153596,0.000343228200371,-0.5275834879406308,234583000,222170000,0,0,74000,0.000315453378974606,0.9470848271187596,0.0,0.0
ADVM,2017-12-31,18.150740116170137,0.0024833177559936,-0.3051003108222662,201905000,70519000,0,0,457000,0.0022634407270746143,0.34926822020257053,0.0,0.0
ADVM,2018-12-31,19.475137606119972,0.0009941988497119,-0.361028399290142,213495000,154949000,0,0,200000,0.0009367900887608609,0.7257734373170331,0.0,0.0
ADVM,2019-12-31,9.061727122835944,0.0005715690141006,-0.3685819944329178,222727000,65897000,0,0,100000,0.0004489801416083367,0.2958644439156456,0.0,0.0
ADXS,2016-10-31,5.7703368706762905,0.0,-0.6165538749438254,169044060,112750980,0,0,0,0.0,0.6669916706922444,0.0,0.0
ADXS,2017-10-31,3.893932131901841,0.0,-1.7219867305565797,93642000,23900000,0,0,0,0.0,0.2552273552465774,0.0,0.0
ADXS,2018-10-31,2.206409583770549,0.0,-2.7655814727038375,62267000,44141000,0,0,0,0.0,0.7088987746318275,0.0,0.0
ADXS,2019-10-31,7.995797389957974,0.0,-0.420227163491943,45257000,32363000,0,0,0,0.0,0.7150937976445633,0.0,0.0
AE,2016-12-31,2.236656830169389,0.0,0.0166080680977054,246872000,87342000,13070000,89897000,0,0.0,0.3537946790239476,0.052942415502770665,0.36414417187854436
AE,2017-12-31,1.8957468479451844,0.0,-0.003276259354672,282704000,109393000,12192000,122670000,0,0.0,0.386952430811025,0.04312637953477842,0.43391674684475634
AE,2018-12-31,1.8625422862566623,0.0,0.0200889507360264,278870000,117066000,22779000,88026000,0,0.0,0.41978699752572884,0.08168322157277584,0.31565245454871443
AE,2019-12-31,1.5498724753567243,0.0,0.0541212468923312,330842000,112994000,26407000,97103000,0,0.0,0.34153462982329935,0.07981755641665811,0.29350263872180676
AEE,2016-12-31,0.5957367240089754,0.9284809235534282,0.0919329860622272,24699000000,9000000,527000000,795000000,6595000000,0.2670148589011701,0.0003643872221547431,0.021336896230616624,0.032187537957002306
AEE,2017-12-31,0.5482993197278911,0.9874721603563474,0.0728006681514476,25945000000,10000000,522000000,838000000,7094000000,0.2734245519367894,0.0003854307188282906,0.02011948352283677,0.03229909423781075
AEE,2018-12-31,0.5705247487904727,1.0298781286856244,0.1068012056087013,27215000000,16000000,483000000,837000000,7859000000,0.28877457284585706,0.0005879110784493846,0.017747565680690795,0.03075509829138343
AEE,2019-12-31,0.5712574850299401,1.106216652190098,0.1027422757165901,28933000000,16000000,494000000,734000000,8915000000,0.30812566965057203,0.0005530017626931186,0.017073929423150037,0.025368955863546816
AEF,2016-12-31,1.4525991146803416,0.0,0.1625526831473541,67798099,521594,0,68989,0,0.0,0.0076933425522742165,0.0,0.0010175654040093366
AEF,2017-12-31,1.0479206583639364,0.0,0.2905399551578131,94930392,504942,0,2635557,0,0.0,0.005319076318572455,0.0,0.02776304768656175
AEF,2018-12-31,0.029486336083416,0.0,-0.2200603094523694,503278642,153936,0,1496557,0,0.0,0.0003058663474934428,0.0,0.002973615160883382
AEF,2019-12-31,0.0321054534908043,0.0,0.1786826461878378,483908946,293497,0,1018890,0,0.0,0.0006065128624425141,0.0,0.0021055407394762237
AEGN,2016-12-31,2.308042896604958,0.6170360598065083,0.0518082673702726,1193582000,129500000,63953000,282060000,350785000,0.29389266929293506,0.10849694449145514,0.05358073429391529,0.23631388543057788
AEGN,2017-12-31,2.2434938129122495,0.6438898847942118,-0.1404179295330665,1107099000,105717000,63969000,309943000,318240000,0.287453967531359,0.0954901052209423,0.057780740475784007,0.2799596061418175
AEGN,2018-12-31,2.193794673343956,0.6134975158675446,0.0063275683595649,992417000,83527000,56437000,300580000,283888000,0.28605717153172505,0.08416522490041989,0.05686823180175269,0.3028767141231962
AEGN,2019-12-31,1.9236586751893896,0.5810000490930641,-0.0488405854698556,995513000,64874000,57193000,276799000,248528000,0.24964817134482423,0.06516640164417742,0.057450781657296286,0.27804659507208845
AEHR,2016-05-31,1.8692307692307693,0.0,9.65149359886202,10046000,939000,7033000,522000,0,0.0,0.09347003782600039,0.7000796336850487,0.05196097949432609
AEHR,2017-05-31,3.726281075596144,0.0,-0.3362279188723012,30892000,17803000,6604000,4010000,0,0.0,0.5762980706979153,0.21377702965168977,0.12980706979153178
AEHR,2018-05-31,2.6422676713311803,0.0,0.0273504273504273,30955000,16848000,9049000,2856000,0,0.0,0.5442739460507188,0.29232757228234535,0.09226296236472299
AEHR,2019-05-31,3.6346153846153846,0.0,-0.3383531540847983,21307000,5428000,9061000,4859000,0,0.0,0.25475195944994605,0.42525930445393534,0.22804712066457034
AEIS,2016-12-31,4.611809018790901,0.0,0.3250763886409198,571529000,281953000,55770000,77149000,0,0.0,0.4933310470684777,0.09758035025344296,0.1349870260301752
AEIS,2017-12-31,5.609033255119253,0.0,0.2647909019842847,733308000,407283000,78450000,88724000,0,0.0,0.5554050958124008,0.10698096843345498,0.12099145243199311
AEIS,2018-12-31,5.153233190401508,0.0,0.2422996423803952,816484000,349301000,97987000,102662000,0,0.0,0.42781120021947766,0.12001092489258822,0.12573669539145899
AEIS,2019-12-31,2.705749035375798,0.0,0.095965208345032,1532406000,346441000,230019000,250809000,0,0.0,0.22607650975002708,0.15010317109173418,0.1636700717694919
AEL,2016-12-31,0.2642735129434087,0.3219246856447147,0.0363253541747123,56053472000,791266000,0,0,737721000,0.01316102238947839,0.014116270977826315,0.0,0.0
AEL,2017-12-31,0.3205059286883815,0.2587390799875235,0.0612755718369198,62030736000,1434045000,0,0,737447000,0.01188841286680848,0.02311829735504025,0.0,0.0
AEL,2018-12-31,0.1195763199181847,0.307437244201057,0.190911512270638,61625564000,344396000,0,0,737573000,0.01196862068475349,0.005588524918003185,0.0,0.0
AEL,2019-12-31,0.3530492258969209,0.1427497367127174,0.0538478016797433,69696552000,2293392000,0,0,652381000,0.009360305227150978,0.032905386768630966,0.0,0.0
AEM,2016-12-31,2.903954468842506,0.2387971527492424,0.0353533487339047,7107951000,539974000,443714000,85565000,1072790000,0.15092816481149068,0.07596760304059497,0.0624250223446954,0.012037927667199732
AEM,2017-12-31,4.3781966982304885,0.2773101871420425,0.0486750430716368,7865601000,632978000,500976000,109191000,1371851000,0.17441146582441697,0.08047420661180245,0.06369201793988788,0.013882092417349926
AEM,2018-12-31,2.967090792891943,0.3783084528128717,-0.0718022282139036,7852843000,301826000,494150000,121154000,1721308000,0.219195519380688,0.038435252048207254,0.0629262548608192,0.015428043066695717
AEM,2019-12-31,1.5388106307323777,0.266869659361199,0.0925686596965204,8789885000,321897000,580068000,89442000,1364108000,0.1551906538026379,0.03662129823086423,0.06599267225907961,0.010175559748506379
AEMD,2017-03-31,2.6109298478478347,0.0,-10.757449595566982,1726368,1559701,0,0,0,0.0,0.9034580112699026,0.0,0.0
AEMD,2018-03-31,15.127406858775998,0.0,-0.925908210575738,7351904,6974070,0,0,0,0.0,0.9486073267550826,0.0,0.0
AEMD,2019-03-31,2.214017762075042,0.0,-2.554408482257911,4122964,3828074,0,0,0,0.0,0.9284762127440354,0.0,0.0
AEO,2017-01-28,1.825151939212164,0.0,0.1763693071961838,1782660000,378613000,358446000,86634000,0,0.0,0.2123865459481898,0.20107367641614218,0.04859816229679243
AEO,2018-02-03,1.9960595275142667,0.0,0.163750781004996,1816313000,413613000,398213000,78304000,0,0.0,0.22772121324903802,0.21924249840198248,0.043111512167781654
AEO,2019-02-02,1.9280616240820423,0.0,0.2034103397524766,1903378000,333330000,424404000,93477000,0,0.0,0.1751254874228871,0.22297410183368727,0.0491111066745544
AEO,2020-02-01,1.3939762369705064,0.0,0.1532688545846345,3328679000,361930000,446278000,119064000,0,0.0,0.10873082084514608,0.13407060278266544,0.03576914445640448
AEP,2016-12-31,0.6352811118130133,0.998930850146577,0.035115249755705,63467700000,210500000,967300000,1916700000,17378400000,0.2738148696108414,0.0033166476806312504,0.015240823284915004,0.030199613346631436
AEP,2017-12-31,0.5141997025860505,1.0619347077158636,0.1045879586591567,64729100000,214600000,953200000,1891000000,19419600000,0.3000134406318024,0.0033153558445892187,0.014725988774755094,0.029214062917605838
AEP,2018-12-31,0.47566136342614,1.137678417523281,0.1011015114250278,68802800000,234100000,921100000,1926500000,21648200000,0.31464126459969655,0.0034024778061357967,0.013387536553744906,0.028000313940711716
AEP,2019-12-31,0.3959375091027371,1.2798769368690213,0.0978545450840965,75892300000,246800000,1169200000,1705100000,25126800000,0.3310849717296748,0.003251976814512144,0.015406042510241486,0.022467364936890832
AER,2016-12-31,1.1002827014165948,3.2514717963523028,0.1227798119924964,41620453000,2035447000,52673000,1144113000,27716999000,0.6659465960161461,0.04890496987142355,0.0012655556632216378,0.02748920104257395
AER,2017-12-31,1.4197575771604682,3.3125524056174394,0.1254297639430703,42040144000,1659669000,38972000,1550643000,28420739000,0.6760380982519946,0.03947819493672524,0.0009270187085943379,0.03688481656961023
AER,2018-12-31,1.0967819037597728,3.329026076885853,0.1150460441538152,43208915000,1204018000,30971000,1402740000,29388802000,0.6801559816996099,0.027865036648108382,0.0007167733788270315,0.032464133848304225
AER,2019-12-31,1.1607382059397602,3.1508564184875043,0.122995884978653,43749244000,1121396000,3157000,1601174000,29349903000,0.6708665182877217,0.025632351498462463,7.216124694634723e-05,0.0365988952860534
AERI,2016-12-31,12.270404212482577,0.0,-0.9403383201701092,248254000,197945000,0,0,0,0.0,0.7973486832034932,0.0,0.0
AERI,2017-12-31,10.091407242693776,0.0,-1.070103761827152,290276000,197569000,0,0,0,0.0,0.6806246468877896,0.0,0.0
AERI,2018-12-31,4.335519061121613,0.0,-1.0209081411376346,285044000,202818000,0,0,0,0.0,0.7115322546694546,0.0,0.0
AERI,2019-12-31,4.4991153404743685,0.0,-1.195453728661276,452608000,143940000,0,0,0,0.0,0.3180235435520362,0.0,0.0
AES,2016-12-31,1.2158423346598446,6.5862562634216175,-0.4044380816034359,36124000000,1244000000,622000000,1557000000,18402000000,0.5094120252463736,0.034436939430849293,0.017218469715424647,0.043101539142952054
AES,2017-12-31,1.0613802256138023,7.2215010141987825,-0.4709939148073022,33112000000,949000000,562000000,1610000000,17801000000,0.5375996617540468,0.028660304421357814,0.016972698719497463,0.04862285576226141
AES,2018-12-31,1.140031825414867,5.497506234413965,0.375,32521000000,1166000000,577000000,1758000000,17636000000,0.5422957473632423,0.035853756034562284,0.017742381845576704,0.05405737830940008
AES,2019-12-31,1.02649136577708,6.087449933244326,0.1011348464619492,33648000000,1029000000,487000000,1610000000,18238000000,0.5420233000475512,0.030581312410841655,0.014473371374227294,0.04784831193533048
AESE,2016-12-31,0.5985092472469988,0.0,-0.3068344715574209,38233234,2518509,0,730458,0,0.0,0.06587224611969786,0.0,0.019105315548247893
AESE,2017-12-31,0.4145586228112932,0.0,-1.434313491866816,53354643,5589229,0,555405,0,0.0,0.10475618776045413,0.0,0.010409684495499295
AESE,2018-12-31,0.31584176015909,0.0,-1.2745398083433963,65666937,10471296,0,1533235,0,0.0,0.15946070394603604,0.0,0.023348660224551055
AESE,2019-12-31,0.6326159903694302,0.0,-0.3785259235094342,71321074,8440573,0,2121326,0,0.0,0.11834612866317745,0.0,0.029743326635827162
AEY,2016-09-30,6.167286414083505,0.0,0.0070669694714644,50268159,4508126,21524919,4759692,0,0.0,0.08968154174892301,0.4282018563679645,0.09468602182148743
AEY,2017-09-30,3.358294822630464,0.0,-0.0023530042064422,54847605,3972723,22333820,5814191,0,0.0,0.07243202323966562,0.4071977254066062,0.10600628778594799
AEY,2018-09-30,3.367448079625342,0.0,-0.2120022819077024,44394620,3129280,7462491,2757764,0,0.0,0.07048782037102694,0.1680944898278215,0.062119328873633785
AEY,2019-09-30,2.632661293848949,0.0,-0.1800697873438699,36828344,1242143,7625573,8939298,0,0.0,0.03372790804821417,0.20705717856876757,0.24272875261510538
AEYE,2016-12-31,0.3539365952684877,0.0,-31.17688414405911,4488600,1409418,0,44645,0,0.0,0.31399946531212397,0.0,0.009946308425789776
AEYE,2017-12-31,0.4925550310165695,0.0,-8.057124179250298,5034388,1960430,0,105817,0,0.0,0.38940780885382686,0.0,0.021018840820373794
AEYE,2018-12-31,2.2172395352439747,0.0,-0.8544610368753448,9104079,5741549,0,172384,0,0.0,0.630656763852774,0.0,0.018934809331070168
AEYE,2019-12-31,0.8337279920182324,0.0,-4.97435322238413,9152243,1972160,0,3118319,0,0.0,0.2154837890558631,0.0,0.3407163686541102
AEZS,2016-12-31,5.409847764034253,0.0,-4.017868641339343,31659000,21999000,0,365000,0,0.0,0.6948734956884298,0.0,0.011529107046969266
AEZS,2017-12-31,1.6261050442017682,0.0,6.035213798059648,22195000,7780000,0,221000,0,0.0,0.35052939851317866,0.0,0.009957197567019599
AEZS,2018-12-31,2.9049320943531094,0.0,2.1955951756685894,25011000,14512000,0,294000,0,0.0,0.5802247011315022,0.0,0.011754827875734676
AEZS,2019-12-31,1.9279024562643576,0.0,2.4531059683313035,19981000,7838000,0,658000,0,0.0,0.3922726590260748,0.0,0.03293128472048446
AFB,2016-10-31,0.2540912588869851,0.3195825218547617,0.0800899393549017,713221972,0,0,9721365,141100000,0.1978346230758017,0.0,0.0,0.013630209642503834
AFB,2017-10-31,0.2765401096707799,0.3280630888193703,0.0172172499530086,697670271,0,0,9719558,140885417,0.20193696486172907,0.0,0.0,0.013931449287739537
AFB,2018-10-31,0.2894135457045536,0.3537124887886301,-0.0323386134230919,664579825,0,0,9567277,140929790,0.21205848371939368,0.0,0.0,0.014395978692251152
AFB,2019-10-31,0.3488946800668734,0.5293051918774353,0.1245202781478985,697490887,0,0,9699053,231749699,0.3322619740550101,0.0,0.0,0.013905634010097109
AFG,2016-12-31,1.7655492730210016,0.2654597233523189,0.1320179007323026,55072000000,2107000000,0,1905000000,1305000000,0.023696252178965718,0.03825900639163277,0.0,0.034591080766995935
AFG,2017-12-31,1.6583442838370566,0.249906191369606,0.0891181988742964,60658000000,2338000000,0,2176000000,1332000000,0.021959180981898512,0.03854396781957862,0.0,0.03587325661907745
AFG,2018-12-31,1.3688644095253524,0.4925553319919517,0.1066398390342052,63456000000,1515000000,0,2324000000,2448000000,0.038577912254160365,0.02387481089258699,0.0,0.0366238023197176
AFG,2019-12-31,0.9423111430109457,0.3611421279310894,0.143085021534535,70130000000,2314000000,0,2310000000,2264000000,0.032282903179808926,0.03299586482247255,0.0,0.03293882789105946
AFH,2016-12-31,0.6334054900515844,0.1506729908435551,0.0207786904556234,423577000,29888000,0,77386000,19187000,0.0452975492059295,0.07056096058095694,0.0,0.18269641647209361
AFH,2017-12-31,0.5768108198171801,0.2651111478846047,-0.4281537867505102,482503000,45615000,0,79664000,24031000,0.04980487167955432,0.0945382723008976,0.0,0.1651057091873004
AFH,2018-12-31,0.5835090992831583,4.256009826285313,-14.039656080014035,470338000,34902000,0,88596000,24255000,0.051569296973665746,0.07420620915171643,0.0,0.18836666397356794
AFI,2016-12-31,2.4779681762545898,0.0320769847634322,0.0147554129911788,904400000,30600000,279800000,78400000,20000000,0.022114108801415303,0.03383458646616541,0.3093763821318001,0.08668730650154799
AFI,2017-12-31,2.58476821192053,0.1545454545454545,-0.076,890100000,40100000,128100000,56200000,85000000,0.09549488821480732,0.04505111785192675,0.1439164138860802,0.06313897314908437
AFI,2018-12-31,2.174091441969519,0.1805626598465473,-0.4168797953964194,708200000,173800000,148900000,39600000,70600000,0.09968935329003106,0.24541090087545891,0.21025134142897486,0.05591640779440836
AFI,2019-12-31,1.7734225621414914,0.157286619455833,-0.2180395080134178,502200000,27100000,114700000,36800000,42200000,0.08403026682596575,0.05396256471525289,0.22839506172839505,0.07327757865392275
AFIN,2016-12-31,13.459036568213785,1.0488289777492572,-0.0550887125761271,2064459000,131215000,0,0,1032956000,0.500351908175459,0.06355902442237894,0.0,0.0
AFIN,2017-12-31,4.7059895298706635,0.8053123794277027,-0.0267743923156215,3296650000,107666000,0,0,1398433000,0.4241982012042528,0.03265921465730363,0.0,0.0
AFIN,2018-12-31,7.399358487963027,0.9496771574871988,-0.0233601848382665,3262547000,91451000,0,0,1520813000,0.46614286322925,0.028030554042593102,0.0,0.0
AFIN,2019-12-31,5.290684801518267,0.9767285187926776,0.0024636687574483,3490188000,81898000,0,0,1644090000,0.4710605847020275,0.023465211616107786,0.0,0.0
AFT,2016-12-31,1.4283046342298331,0.4993531054321431,0.1324476030044867,447994925,20504763,0,16455681,140481968,0.31357937369491407,0.04577007875703056,0.0,0.036731846906524666
AFT,2017-12-31,1.1470536153192692,0.505994766538503,0.0532481767047058,453995509,13086655,0,27034747,140701903,0.3099191516451763,0.028825516421573237,0.0,0.059548489938916996
AFT,2018-12-31,0.9301420050844454,0.5538776931372911,-0.0159871968917005,450016647,23310262,0,27276201,140921421,0.3131471289772087,0.051798666016904034,0.0,0.06061153777717916
AFT,2019-12-31,1.0891003201730791,0.5337311801000162,0.1063946091665947,439688906,14020233,0,23934013,140801983,0.32023092026797695,0.03188671082822363,0.0,0.054433970640141646
AG,2016-12-31,3.635096425401436,0.0507639524465941,0.0138346246829263,857175000,129049000,20254000,16473000,31560000,0.036818619301776184,0.15055152098462973,0.02362878058739464,0.019217779333275002
AG,2017-12-31,3.1385379310344828,0.0412662987029708,-0.0914564323544812,781441000,118141000,18858000,20855000,24037000,0.030759839834357296,0.15118351865335963,0.02413234012548612,0.026687875348234864
AG,2018-12-31,2.860037497634897,0.2493066452731624,-0.3433791981808793,926110000,57013000,32468000,66246000,148231000,0.16005766053708523,0.061561801513859045,0.03505847037608923,0.07153145954584228
AG,2019-12-31,3.3816124587699887,0.2334864816305084,-0.0611093412408786,1027924000,169009000,30517000,33932000,154643000,0.15044205602748842,0.16441779742471233,0.029687992497499816,0.03301022254563567
AGCO,2016-12-31,1.4759196232924612,0.5822556824321891,0.0576708331832426,7168400000,429700000,1514800000,890400000,1616400000,0.22548964901512192,0.05994364153786061,0.21131633279392892,0.124211818536912
AGCO,2017-12-31,1.368633516939561,0.5356812780565091,0.0615262740955901,7971700000,367700000,1872900000,1019400000,1622900000,0.2035826737082429,0.046125669556054544,0.2349436130310975,0.1278773661828719
AGCO,2018-12-31,1.278562908880616,0.4348255992362508,0.0973439258072215,7626400000,326100000,1908700000,880300000,1275300000,0.16722175600545475,0.04275936221546208,0.2502753592782964,0.11542798699255219
AGCO,2019-12-31,1.2928063789218236,0.4176186137781204,0.0438713294554628,7759700000,432800000,2078700000,800500000,1191800000,0.15358841192314135,0.05577535213990232,0.26788406768302897,0.10316120468574816
AGD,2016-10-31,1.198231678491592,0.0,-0.0050593228292459,127120437,413431,0,1620915,0,0.0,0.0032522779952369107,0.0,0.01275101815453954
AGD,2017-10-31,3.002685483572249,0.0,0.1967750344836712,146699625,18891,0,773779,0,0.0,0.00012877333531016185,0.0,0.00527458062691026
AGD,2018-10-31,0.9474424904740276,0.0,0.0143056400473691,141490948,69388,0,5467957,0,0.0,0.0004904059304203686,0.0,0.03864527785904721
AGD,2019-10-31,5.809711619258756,0.0,0.1000359196751442,140266458,58410,0,1558840,0,0.0,0.00041642172214828436,0.0,0.011113419574621326
AGEN,2016-12-31,2.235239160661131,-3.336412672080582,3.2457518267248595,156985986,71448016,0,11352022,130542424,0.831554633163243,0.4551235293066223,0.0,0.07231232729270497
AGEN,2017-12-31,1.3032601492881026,-1.8780313017386752,1.591904453866189,138402024,60186617,0,1134493,142385024,1.028778480869615,0.4348680406581337,0.0,0.008197083880796424
AGEN,2018-12-31,1.099115512326996,-0.0766059594009288,0.9259278586628168,136401000,53054000,0,938000,13212000,0.09686145995997097,0.3889560926972676,0.0,0.006876782428281317
AGEN,2019-12-31,0.7080984215565138,-0.0593727258204795,0.4777196968352296,155335000,61808000,0,16293000,13380000,0.08613641484533428,0.39790131007178037,0.0,0.1048894325168185
AGFS,2016-12-31,1.76010116651182,1.1726148383535484,-0.3328708469468439,965844000,77312000,15467000,72981000,392996000,0.4068938669184672,0.08004605298578238,0.016013973271045843,0.0755618919825562
AGFS,2017-12-31,1.888836079425433,0.9883008657212176,0.0575781884372615,983263000,64533000,24109000,85597000,402868000,0.40972557698194684,0.06563147398000331,0.024519380877750917,0.08705402318606517
AGFS,2018-12-31,2.234010358167977,1.098805148320263,-0.0825114667881739,899287000,34852000,24807000,75796000,400309000,0.445140427916783,0.03875514713322888,0.027585186931424564,0.08428454987117572
AGFS,2019-12-31,2.6587046486399615,1.2193907090015164,-0.1863468578167838,805692000,29288000,22621000,73559000,398064000,0.4940647294499635,0.036351360073080034,0.02807648580350804,0.09129915650149188
AGI,2016-12-31,4.563253012048193,0.0,-0.010173922928271,2492200000,252200000,131700000,44900000,0,0.0,0.10119573067972072,0.05284487601316106,0.01801621057700024
AGI,2017-12-31,4.003533568904594,0.0,0.0099209309264508,3320300000,200800000,161200000,41000000,0,0.0,0.060476462970213536,0.048549829834653495,0.012348281781766708
AGI,2018-12-31,2.934040940106141,0.0,-0.0278983975713791,3272200000,206000000,110200000,47500000,0,0.0,0.06295458712792616,0.03367764806552167,0.014516227614448995
AGI,2019-12-31,3.0974076983503536,0.0,0.0356546581085593,3396500000,182800000,126900000,42000000,0,0.0,0.05382010893566907,0.037361990284116,0.012365670543206241
AGIO,2016-12-31,6.331256431422659,0.0,-0.5534745713082593,619094000,160754000,0,4886000,0,0.0,0.2596600839290964,0.0,0.0078921779245155
AGIO,2017-12-31,4.68987055118442,0.0,-0.8379959680748224,614397000,102724000,0,3670000,0,0.0,0.16719482679765688,0.0,0.005973336458348592
AGIO,2018-12-31,6.564281359956365,0.0,-0.5032863685881632,858457000,70502000,0,10449000,0,0.0,0.08212641984397588,0.0,0.012171838542874017
AGIO,2019-12-31,6.585534956828801,0.0,-0.6423950241051133,890741000,80931000,0,15319000,0,0.0,0.09085806087291368,0.0,0.017198040732378995
AGLE,2016-12-31,16.752585119798233,0.0,-0.3445986722993361,67063000,47748000,0,0,0,0.0,0.7119872358826774,0.0,0.0
AGLE,2017-12-31,9.76923076923077,0.0,-0.5410731668553946,56077000,12817000,0,0,0,0.0,0.22856072899762825,0.0,0.0
AGLE,2018-12-31,7.488133606797539,0.0,-0.6577089636352851,77739000,22461000,0,0,0,0.0,0.2889283371280824,0.0,0.0
AGLE,2019-12-31,4.05822757230786,0.0,-1.3024749920940064,83183000,19253000,0,0,0,0.0,0.23145354219011097,0.0,0.0
AGM,2016-12-31,0.5917936426877821,14.511452904943624,0.1762935809932841,15606020000,265229000,0,4630217000,6365681000,0.40789906715485436,0.016995300531461578,0.0,0.29669428848610985
AGM,2017-12-31,0.7084653365623831,17.556541984596343,0.1678271389606803,17792274000,302022000,0,5422064000,8837735000,0.4967175640393128,0.016974895957649932,0.0,0.3047426090672839
AGM,2018-12-31,0.7847063092073534,18.283389132490445,0.197299004377526,18694328000,425256000,0,5695132000,10015604000,0.5357562999857497,0.02274786234626888,0.0,0.30464491689671863
AGM,2019-12-31,0.7728212537901109,18.735387159267265,0.1918823195574722,21709374000,604381000,0,7180635000,10696070000,0.4926936170522466,0.02783963277798798,0.0,0.33076195564183475
AGNC,2016-12-31,0.2143314432046826,0.8245014245014245,0.0887464387464387,56880000000,1208000000,0,0,5788000000,0.10175808720112517,0.021237693389592124,0.0,0.0
AGNC,2017-12-31,0.2208142403947832,0.5903264812575575,0.0932285368802902,70376000000,1046000000,0,0,4882000000,0.06937023985449585,0.014863021484597021,0.0,0.0
AGNC,2018-12-31,0.2503766820803242,0.3290171938017406,0.0136913606452982,109241000000,921000000,0,0,3100000000,0.028377623785941174,0.008430900486081232,0.0,0.0
AGNC,2019-12-31,0.1171297040849147,0.2525472351370066,0.0680581659907013,113082000000,831000000,0,0,2553000000,0.02257653737995437,0.007348649652464583,0.0,0.0
AGO,2016-12-31,0.4661805380940407,0.2007995079950799,0.1354551045510455,14151000000,118000000,0,953000000,1306000000,0.09229029750547664,0.008338633312133418,0.0,0.06734506395307752
AGO,2017-12-31,0.6425916091343601,0.1889165082614417,0.1067407515718672,14433000000,144000000,0,1508000000,1292000000,0.0895170789163722,0.009977135730617336,0.0,0.1044827825122982
AGO,2018-12-31,0.6339118825100134,0.1881006864988558,0.0794813119755911,13603000000,104000000,0,1416000000,1233000000,0.09064177019775049,0.007645372344335808,0.0,0.10409468499595677
AGO,2019-12-31,0.9160170983153132,0.1860219912637445,0.0605512878445549,14326000000,169000000,0,2089000000,1235000000,0.08620689655172414,0.011796733212341199,0.0,0.14581879100935363
AGR,2016-12-31,0.8303834808259587,0.2986508719973675,0.041592629154327,31309000000,91000000,378000000,1147000000,4538000000,0.14494234884537993,0.0029065125043917085,0.01207320578747325,0.03663483343447571
AGR,2017-12-31,0.7257546563904945,0.3419115208595874,0.0252702792332692,31671000000,41000000,214000000,1050000000,5155000000,0.1627672002778567,0.001294559691831644,0.006756970098828582,0.033153357961542104
AGR,2018-12-31,0.653462050599201,0.349510063559322,0.0393935381355932,32167000000,36000000,235000000,1148000000,5279000000,0.16411228899182392,0.001119159386949358,0.0073056237759194205,0.03568874933938508
AGR,2019-12-31,0.5645386116531921,0.440769180284833,0.0459408019951434,34416000000,178000000,251000000,1092000000,6716000000,0.19514179451417946,0.005172013017201302,0.007293119479311948,0.03172942817294282
AGRO,2016-12-31,1.708870087254156,0.6144268306265296,0.0165178329197211,1496397000,158568000,248642000,157528000,430304000,0.2875600525796296,0.10596653160892464,0.16616045073600122,0.10527152887903411
AGRO,2017-12-31,2.441333106710858,0.9838873389921056,0.0195850893334124,1645089000,269195000,265637000,101665000,663022000,0.4030310822089261,0.16363552367075582,0.16147272275238603,0.061799088073654376
AGRO,2018-12-31,2.378418260475227,0.6751266410689372,-0.0231488968030416,2277372000,273635000,222219000,104420000,718089000,0.31531475753631816,0.12015384399211021,0.09757694395118584,0.04585109503410071
AGRO,2019-12-31,1.7811909989023051,0.7894631927137247,-0.000781163832924,2521307000,290276000,229923000,100377000,780202000,0.30944347514999165,0.11512917704983963,0.0911919889168594,0.03981149459387532
AGRX,2016-12-31,4.696262534184139,0.0,-0.6796330014897491,63866000,48750000,0,0,0,0.0,0.7633169448532866,0.0,0.0
AGRX,2017-12-31,2.5724495515695067,0.0,-0.7792307904082812,50595000,35952000,0,0,0,0.0,0.7105840498072932,0.0,0.0
AGRX,2018-12-31,3.813345356176736,0.0,-0.9804203430157628,22392000,7851000,0,0,0,0.0,0.35061629153269025,0.0,0.0
AGRX,2019-12-31,9.306719367588933,0.0,-0.4067329762815608,49540000,34479000,0,0,0,0.0,0.6959830440048446,0.0,0.0
AGS,2016-12-31,1.7712313421538648,33.31129778427076,-4.953372291210129,634092000,17977000,10729000,24035000,547238000,0.863026185474663,0.028350775597231946,0.016920257628230604,0.03790459428600266
AGS,2017-12-31,1.891765782250686,-23.059173080365134,1.6146769285842133,697242000,19242000,24455000,32776000,644158000,0.923865745322284,0.02759730480952094,0.035073905473279,0.04700806893445891
AGS,2018-12-31,3.1776175720398827,3.83694883803128,-0.1535006332655886,731342000,70726000,27438000,44704000,521073000,0.7124888219191569,0.09670714932275187,0.03751733115286692,0.06112598483336114
AGS,2019-12-31,2.0468163467667684,3.8689454643305625,-0.0878430903546014,762378000,13162000,32875000,61224000,517603000,0.6789322357150914,0.017264401648526058,0.043121653562930726,0.08030661955093142
AGTC,2016-06-30,1.8737555486546225,0.0,-0.0126363370177878,180797000,28868000,0,954000,0,0.0,0.15967079099763823,0.0,0.0052766362273710295
AGTC,2017-06-30,4.62547947151584,0.0,0.0035290343278793,147923000,30706000,0,174000,0,0.0,0.20758097118095226,0.0,0.001176287663176112
AGTC,2018-06-30,7.5806877387981935,0.0,-0.2147567098868746,118532000,31065000,0,210000,0,0.0,0.2620811257719434,0.0,0.0017716734721425437
AGTC,2019-06-30,9.00951362907536,0.0,-0.025486284922944,92216000,26703000,0,13000,0,0.0,0.28957013967207423,0.0,0.00014097336687776525
AGX,2017-01-31,1.6763865603722583,0.0,0.2411532342129807,644488000,167198000,0,58028000,0,0.0,0.25942763868373037,0.0,0.09003736299201848
AGX,2018-01-31,2.6466315984764983,0.0,0.2011002974154181,542669000,122107000,0,40134000,0,0.0,0.22501193176687814,0.0,0.07395668446143044
AGX,2019-01-31,5.120123960844114,0.0,0.1318809432087751,476648000,164318000,0,94531000,0,0.0,0.34473657709672545,0.0,0.19832454977257852
AGX,2020-01-31,2.9281627948956497,0.0,-0.1258338270709714,487540000,167363000,0,70571000,0,0.0,0.3432805513393773,0.0,0.14474914878779177
AGYS,2017-03-31,1.5866370287243456,0.0,-0.1031151853187764,167305000,49255000,2211000,15598000,0,0.0,0.2944024386599325,0.01321538507516213,0.09323092555512387
AGYS,2018-03-31,1.4338843902110765,0.0,-0.0770074978557792,157207000,39943000,1999000,16389000,0,0.0,0.25407901683767264,0.012715718765703817,0.10425108296704345
AGYS,2019-03-31,1.3665657701288594,0.0,-0.1308262606587028,163591000,40771000,2044000,29921000,0,0.0,0.24922520187540878,0.012494574884926432,0.1829012598492582
AGYS,2020-03-31,1.3454906875243076,0.0,-0.4747550761598171,154562000,46653000,3887000,37994000,0,0.0,0.3018400383017818,0.02514848410346657,0.2458172125101901
AHC,2016-12-31,3.2781446287646965,0.0,-0.2196364794467572,192731000,80071000,3386000,29114000,0,0.0,0.41545470111191246,0.017568528155823403,0.15106028609824054
AHC,2017-12-31,2.968716476762054,0.0,0.1040031115978669,162848000,57660000,3171000,26740000,0,0.0,0.35407250933385737,0.019472145804676756,0.16420220082530948
AHC,2018-12-31,2.7601301203297224,0.0,-0.4964959250364187,122560000,55313000,3912000,22057000,0,0.0,0.45131364229765014,0.03191906005221932,0.17996899477806788
AHC,2019-12-31,2.371868856617414,0.0,0.1609366610665604,141045000,48626000,2573000,18441000,0,0.0,0.3447552199652593,0.018242404906235597,0.13074550675316388
AHCO,2016-12-31,0.0,0.0,0.0,0,0,0,0,0,0.0,0.0,0.0,0.0
AHCO,2017-12-31,0.0,0.0,0.0,0,0,0,0,0,0.0,0.0,0.0,0.0
AHCO,2018-12-31,0.0,0.0,0.0,0,0,0,0,0,0.0,0.0,0.0,0.0
AHCO,2019-12-31,0.0,0.0,0.0,0,0,0,0,0,0.0,0.0,0.0,0.0
AHH,2016-12-31,7.276313866835517,1.4986875963527786,0.1225148863252124,982468000,21942000,0,114141000,523009000,0.5323420202998979,0.02233355183069576,0.0,0.11617782971048421
AHH,2017-12-31,5.774374699818968,1.2309110765841111,0.0712020233985195,1043123000,19959000,0,122927000,517331000,0.4959443900671349,0.01913388929205856,0.0,0.11784516303446478
AHH,2018-12-31,7.379627052602282,1.5282502358024963,0.0515299743359143,1265382000,21254000,0,175211000,696714000,0.5505957884654594,0.016796508880322306,0.0,0.13846490624965427
AHH,2019-12-31,7.239090623691921,1.6304235752507508,0.0548852799305809,1804897000,39232000,0,219451000,958257000,0.5309206010093651,0.02173642041623428,0.0,0.12158643955860085
AHPI,2016-06-30,3.5526272490932773,0.0,-0.1261369093534503,22478261,1703663,8875270,4107017,0,0.0,0.07579158369946856,0.39483792807637563,0.18271061982953218
AHPI,2017-06-30,3.8251934793061264,0.0,-0.1290392851229559,19636649,995704,8511954,3374993,0,0.0,0.05070641126192152,0.43347283948498544,0.17187214580247373
AHPI,2018-06-30,3.6029917266817897,0.0,-0.1566178036056452,17321241,136112,7830541,3760171,0,0.0,0.007858097465418327,0.45207736558829703,0.21708438789114476
AHPI,2019-06-30,3.07304301560469,0.0,-0.1774283048979542,15453896,195454,7333095,3177467,0,0.0,0.012647555024312314,0.47451432311955505,0.20560944631696756
AHT,2016-12-31,2.847837023337821,4.705033744040617,-0.0584850372568072,4891544000,347091000,4530000,57977000,3723559000,0.7612236545352551,0.07095735007187914,0.000926087959139282,0.011852494835986348
AHT,2017-12-31,3.0367291534037997,5.846041431404739,-0.1059793697036411,4669850000,354805000,4244000,61644000,3696300000,0.7915243530306113,0.07597781513324839,0.0009088086341103033,0.01320042399648811
AHT,2018-12-31,2.7550946543503234,8.683588973672398,-0.2807348821371636,4685954000,319210000,4224000,58820000,3927266000,0.8380931609657286,0.06812060041562508,0.0009014172994442541,0.012552406617734617
AHT,2019-12-31,2.9428898317204557,15.29224387046802,-0.4231648643012482,4691348000,262636000,4346000,67734000,4106518000,0.8753386020393286,0.055983056469057504,0.0009263861900673325,0.01443806769397623
AI,2016-12-31,1.103681681999655,0.2052768433696661,-0.1152327256816224,4116951000,54794000,0,11646000,73656000,0.01789091004483658,0.01330936413865504,0.0,0.002828792472876165
AI,2017-12-31,1.1239963157580284,0.1948265995796513,0.0459772842944128,4160529000,21614000,0,21679000,73880000,0.01775735729759365,0.005195012461155781,0.0,0.005210635474479327
AI,2018-12-31,1.091667422395536,0.2783782057783838,-0.3448435193220109,4099450000,26713000,0,22481000,74104000,0.01807657124736245,0.006516239983412409,0.0,0.005483906377684812
AI,2019-12-31,1.0968779868767111,0.2562734024286808,0.0473806519235675,4000114000,19636000,0,86428000,74328000,0.0185814704280928,0.0049088600974872216,0.0,0.021606384218049786
AIG,2016-12-31,0.5554739442732727,0.4051376146788991,-0.0111271297509829,498264000000,1868000000,0,10465000000,30912000000,0.06203940079957613,0.0037490165855851515,0.0,0.021002922145689835
AIG,2018-12-31,0.6041119940861208,0.6128351164812548,-0.0001064565923244,491984000000,2873000000,0,11011000000,34540000000,0.07020553513935412,0.005839620800676445,0.0,0.022380809132004294
AIKI,2016-12-31,2.357303370786517,0.0,-1.217751034223392,11277000,134000,0,0,0,0.0,0.011882592888179479,0.0,0.0
AIKI,2017-12-31,1.6854150504266874,0.0,-0.8051631758402338,8972000,197000,0,0,0,0.0,0.021957200178332584,0.0,0.0
AIKI,2018-12-31,2.5195143104943627,0.0,0.1427508679120515,13251000,17000,0,0,0,0.0,0.0012829220436193494,0.0,0.0
AIKI,2019-12-31,1.5053333333333334,0.0,-0.3971705279149259,11282000,91000,0,0,0,0.0,0.008065945754298882,0.0,0.0
AIM,2016-12-31,2.8505133470225874,0.0,-0.4840624596722158,18873000,2408000,0,0,0,0.0,0.12758967837651672,0.0,0.0
AIM,2017-12-31,1.2947912818618397,0.0,-0.9489831092726646,14207000,1412000,0,0,0,0.0,0.0993876258182586,0.0,0.0
AIM,2018-12-31,0.7178760393046107,0.0,-1.8993042133745652,13845000,299000,0,0,0,0.0,0.021596244131455396,0.0,0.0
AIM,2019-12-31,9.26885536823425,0.0,-0.7859675158710528,20219000,1470000,0,0,0,0.0,0.07270389237845591,0.0,0.0
AIMC,2016-12-31,2.0054829480897083,1.159351751203467,0.0887248189505484,869824000,69118000,139840000,120926000,328500000,0.3776626076079759,0.07946205209329703,0.16076815539695385,0.1390235265984843
AIMC,2017-12-31,2.5135656738623924,0.7455237519063284,0.1295673107220731,920657000,51994000,145611000,142133000,295753000,0.3212412440246476,0.05647488695572835,0.1581598793035843,0.15438214231793165
AIMC,2018-12-31,2.0884010679323644,0.9235472351477112,0.0190996645384698,4337200000,169000000,231200000,270000000,1706900000,0.3935488333487042,0.03896523102462418,0.053306280549663375,0.06225214424052384
AIMC,2019-12-31,1.9643803355902267,0.8232325859647297,0.0661707329761223,4283700000,167300000,222500000,248400000,1582500000,0.36942362910567966,0.03905502252725448,0.051941078973784346,0.05798725400938441
AIMT,2016-12-31,21.980786026200875,0.0,-0.2826290685801407,298789000,124010000,0,0,0,0.0,0.4150420530876304,0.0,0.0
AIMT,2017-12-31,7.109703372307229,0.0,-0.7385900284019009,206934000,73487000,0,0,0,0.0,0.355122889423681,0.0,0.0
AIMT,2018-12-31,8.224218667789119,0.0,-0.704981150504939,339555000,107511000,0,0,0,0.0,0.316623227459469,0.0,0.0
AIMT,2019-12-31,3.141902714550666,0.0,-2.388842959317081,204369000,79880000,0,0,0,0.0,0.3908616277419765,0.0,0.0
AIN,2016-12-31,2.5064122114504848,0.8530017358819206,0.1039026802726181,1263433000,181742000,133906000,172492000,432918000,0.3426521232229964,0.14384775449113646,0.10598583383527263,0.13652643234742168
AIN,2017-12-31,3.366252468780376,0.8761478356102835,0.0581131267463248,1361198000,183727000,136519000,204069000,499201000,0.36673650710624023,0.1349744857103816,0.10029327107445059,0.1499186745793044
AIN,2018-12-31,3.1327533200215525,0.8245284172299334,0.136953551348288,1417992000,197755000,85904000,283237000,499045000,0.35193781065055374,0.13946129456301587,0.060581441926329624,0.19974513255363924
AIN,2019-12-31,3.0502024970525703,0.6147666395203547,0.1894965241747688,1474368000,195540000,95149000,299104000,429527000,0.29132957307809176,0.13262631853105872,0.06453544840908104,0.20286929721751965
AINC,2016-12-31,4.553495415848068,0.0,-0.0641035931187628,129797000,84091000,0,16012000,0,0.0,0.64786551307041,0.0,0.12336186506621878
AINC,2017-12-31,1.920319383259912,0.0,-0.6079840980619513,114810000,36480000,0,20211000,0,0.0,0.317742356937549,0.0,0.17603867258949568
AINC,2018-12-31,2.008288448465199,0.0,0.1555857769356539,379005000,51529000,0,12262000,0,0.0,0.1359586285141357,0.0,0.032353135182913155
AINC,2019-12-31,1.0801157087158848,0.0,-0.3346941733500821,782500000,35349000,0,13994000,0,0.0,0.04517444089456869,0.0,0.01788370607028754
AINV,2017-03-31,1.040948364675339,0.5725811295339375,0.0123971097255562,2410120000,11280000,0,63787000,848449000,0.35203599820755815,0.004680264883076361,0.0,0.026466317029857436
AINV,2018-03-31,0.5029186428310836,0.5569803241834417,0.061370749023684,2311810000,15333000,0,27012000,789846000,0.34165697007972107,0.0066324654707783075,0.0,0.011684351222635078
AINV,2019-03-31,1.4148143649540468,0.859868035626267,0.0548106964126137,2497797000,41189000,0,28364000,1128686000,0.4518725901264194,0.01649013110352843,0.0,0.011355606560501113
AINV,2020-03-31,1.5344626039392135,1.752016713608607,-0.1133088942366361,2871058000,43676000,0,25163000,1794617000,0.6250716634773662,0.015212510510062841,0.0,0.008764364913561482
AIR,2016-05-31,2.5826010544815468,0.1571956571956572,0.0550935550935551,1456000000,31200000,452000000,248300000,136100000,0.09347527472527473,0.02142857142857143,0.31043956043956045,0.1705357142857143
AIR,2017-05-31,2.6519402985074625,0.1685626777510391,0.0618026690002187,1504100000,10300000,433400000,234500000,154100000,0.10245329432883452,0.006847948939565188,0.2881457349910245,0.1559071870221395
AIR,2018-05-31,2.8283828382838285,0.189255580476343,0.0166613264979173,1524700000,31100000,460700000,203000000,177200000,0.11621958418049452,0.02039745523709582,0.30215780153472815,0.1331409457598216
AIR,2019-05-31,2.664335664335664,0.1564190307981013,0.0082790594988409,1517200000,21300000,523700000,258100000,141700000,0.09339572897442658,0.014039019245979436,0.34517532296335357,0.17011600316372263
AIRG,2016-12-31,5.499399601263808,0.0,0.0487801205896145,56063503,45161403,146815,5154996,0,0.0,0.8055401568467814,0.00261872683909887,0.09194923121375416
AIRG,2017-12-31,4.736088680710102,0.0,0.024683623977417,56297908,15026068,741557,8418132,0,0.0,0.2669027772754895,0.01317201697796657,0.14952832705613148
AIRG,2018-12-31,5.736253494874185,0.0,-0.0572352537267149,52907000,13621000,1351000,7013000,0,0.0,0.25745175496626155,0.025535373391044662,0.13255334832819854
AIRG,2019-12-31,6.6742121615623615,0.0,0.0193303273213092,54726000,13197000,1193000,7656000,0,0.0,0.24114680407850017,0.021799510287614662,0.13989694112487666
AIRI,2016-12-31,1.160373117554507,0.1193700028124874,-0.627707019165093,82800000,1304000,32568000,6073000,2971000,0.035881642512077296,0.0157487922705314,0.3933333333333333,0.07334541062801932
AIRI,2017-12-31,1.2504927856185446,0.1940785770573004,-1.269334684228301,60755000,630000,31141000,5464000,3448000,0.05675253065591309,0.010369516912188298,0.512566866924533,0.08993498477491564
AIRI,2018-12-31,1.311683386768711,0.3390487678786834,-0.9470963294847492,47756000,2012000,29051000,6522000,3935000,0.08239802328503225,0.042130831727950416,0.6083214674595863,0.13656922690342574
AIRI,2019-12-31,1.17236834038379,0.3330393885949441,-0.2676856750930825,51090000,1294000,28646000,7858000,3399000,0.06652965355255432,0.025327852808768838,0.5606968095517714,0.15380700724212173
AIRT,2017-03-31,2.410535690242982,0.8017458946738094,-0.1399287854511709,65335189,2763365,19778843,21623482,18412521,0.2818162965748825,0.04229520174801974,0.30272879443266015,0.3309622629238893
AIRT,2018-03-31,1.9780451517338968,1.5472565706357602,0.0906569992791182,97146886,4803238,34231005,19385786,38863760,0.40005152609832495,0.049443046481181085,0.35236337889410063,0.19955128566859054
AIRT,2019-03-31,1.3514433360905906,1.3513931872021765,0.0550116362360865,115142137,12524321,29967037,24262243,32917765,0.28588808456803266,0.10877269891212805,0.2602612543138747,0.2107155871182068
AIT,2016-06-30,2.8493235089305573,0.4933502149210537,0.044955587035427,1312025000,59861000,338221000,347857000,324583000,0.24739086526552467,0.04562489281835331,0.2577854842704979,0.26512985651950227
AIT,2017-06-30,2.8491798303809808,0.3847926081775926,0.1796832229462091,1387595000,105057000,345145000,390931000,286769000,0.20666621024146095,0.07571157290131486,0.24873612257178787,0.28173278225995335
AIT,2018-06-30,2.446000587213993,1.1589753154437683,0.1737808955744003,2285741000,54150000,422069000,562634000,944522000,0.41322354544981255,0.02369034811905636,0.18465302936771927,0.24614949812774065
AIT,2019-06-30,2.7091888983798733,1.013172298931813,0.1605212288497426,2331697000,108219000,447555000,549822000,908850000,0.3897804903467303,0.046412119585006115,0.19194389322454847,0.2358033655316278
AIV,2016-12-31,0.6511465846719733,2.3295583985408377,0.2578999498472949,6232818000,61244000,0,13042000,3887807000,0.6237639218728992,0.009826052998820117,0.0,0.0020924724578834162
AIV,2017-12-31,0.4201994443753369,2.4961317015832067,0.2052954729856242,6079040000,76786000,0,17035000,3839410000,0.6315816313102068,0.012631270726956889,0.0,0.0028022516713165236
AIV,2018-12-31,0.7869666849767649,2.5886787443495027,0.4231573678925369,6190004000,36858000,0,55630000,4075665000,0.6584268766223738,0.005954438801655055,0.0,0.008987070121440956
AIV,2019-12-31,1.032226706095708,2.530307769807526,0.2662416905296889,6828739000,142902000,0,62249000,4505590000,0.6597982438631789,0.020926557597237206,0.0,0.009115738645158352
AIZ,2016-12-31,0.9373897565825342,0.2603645591859642,0.1379663746614284,29709100000,1032000000,0,1238500000,1067000000,0.035914921690660434,0.034736831475877764,0.0,0.04168756374309555
AIZ,2017-12-31,0.9087220511639952,0.2737554441998782,0.121669086311057,31843000000,1066600000,0,1385300000,1169100000,0.03671450554281946,0.033495587727287,0.0,0.043504066827874256
AIZ,2018-12-31,0.5882183641258936,0.6503493766025328,0.0491280264625863,41089300000,1316600000,0,1690100000,3322700000,0.08086533477085275,0.03204240520038063,0.0,0.04113236292660133
AIZ,2019-12-31,0.5956142592889416,0.6389493619356095,0.0677180127081895,44291200000,1900000000,0,1722100000,3610000000,0.08150603280109818,0.04289791200057799,0.0,0.03888131276641861
AJG,2016-12-31,0.9575861396014484,0.5962853806372685,0.1103264193960963,11489600000,545500000,0,2158900000,2144600000,0.18665575825093997,0.04747771898064337,0.0,0.18790036206656455
AJG,2017-12-31,1.0801164898517133,0.6355415997733497,0.1136320710170932,14909700000,681200000,0,4484100000,2691900000,0.1805468922915954,0.04568837736507106,0.0,0.3007505181190768
AJG,2018-12-31,1.055253717375481,0.6871457467380915,0.1408121985374202,16334000000,607200000,0,5365900000,3091400000,0.1892616627892739,0.037173992898249054,0.0,0.32851108118036
AJG,2019-12-31,1.0220266786234726,0.7446610416060518,0.1297255358355154,19634800000,604800000,0,5891700000,3839100000,0.19552529182879377,0.030802452787907185,0.0,0.30006417177664146
AJRD,2016-12-31,1.4642795956827137,17.6231884057971,0.5217391304347826,2249500000,410300000,185100000,231700000,608000000,0.2702822849522116,0.1823960880195599,0.08228495221160258,0.10300066681484775
AJRD,2017-12-31,1.7093140551445865,5.775390625,-0.08984375,2258700000,535000000,19300000,418000000,591400000,0.2618320272723248,0.23686191171913049,0.008544738123699474,0.18506220392261036
AJRD,2018-12-31,1.4053284754639646,0.7716591502492286,0.3258960360788037,2490100000,735300000,14900000,443800000,325100000,0.13055700574274126,0.29528934580940525,0.005983695433918317,0.17822577406529858
AJRD,2019-12-31,1.6300724221174847,0.5318189700017341,0.2444945378879833,2707800000,932600000,24000000,427100000,306700000,0.1132653814905089,0.34441243814166483,0.008863283846665189,0.15772952212127928
AJX,2016-12-31,15.259703371366784,2.250216679153262,0.1022284900033787,957402000,35723000,0,881572000,612716000,0.6399777731820071,0.037312435110852075,0.0,0.9207960710339022
AJX,2017-12-31,13.595993502977802,3.3638533386601277,0.0996259763876069,1395738000,53721000,0,1270546000,976715000,0.6997839135998304,0.03848931532995448,0.0,0.9103040828579576
AJX,2018-12-31,2.602642419222435,2.4190217861013052,0.0942047773855348,1602871000,55146000,0,1325475000,727724000,0.4540128307268645,0.03440451539768328,0.0,0.8269380380579597
AJX,2019-12-31,2.9818173617013195,2.1438443712105633,0.0964343868267932,1576841000,64343000,0,1169497000,771531000,0.4892890278728166,0.04080500189936715,0.0,0.741670846965547
AKAM,2016-12-31,3.4969539867801425,0.1985153688937684,0.0994696638413085,4373146000,324169000,0,368596000,640087000,0.14636762641814383,0.07412718441140542,0.0,0.08428623238282006
AKAM,2017-12-31,2.947807503492492,0.1971506651808537,0.0662507223114919,4648916000,313382000,0,461457000,662913000,0.14259517702621427,0.06740969292626496,0.0,0.09926120411726089
AKAM,2018-12-31,2.0941068415283937,0.2738465972818357,0.0934793505980838,5461770000,1036455000,0,479889000,874080000,0.16003603227525143,0.1897654057201237,0.0,0.08786327509214047
AKAM,2019-12-31,3.2186602166914744,0.5029557474416054,0.1306835671705361,7006886000,393745000,0,551943000,1839791000,0.26256899284503843,0.05619400686695916,0.0,0.07877151133898853
AKBA,2016-12-31,2.593210697658137,0.0,-1.9927627715795655,300216000,187335000,0,33823000,0,0.0,0.624000719481973,0.0,0.11266221653742639
AKBA,2017-12-31,2.5396226949952516,0.0,-0.6010328454647804,364247000,70156000,0,34216000,0,0.0,0.19260556710144489,0.0,0.09393625753952675
AKBA,2018-12-31,1.7624664556461782,0.0,-0.2257928570529997,996540000,104644000,0,16666000,0,0.0,0.10500732534569611,0.0,0.016723864571417103
AKBA,2019-12-31,1.487295668803275,0.0,-0.7084332893400244,771201000,147449000,0,38864000,0,0.0,0.1911939948210648,0.0,0.05039412552628952
AKCA,2016-12-31,0.3191129883843717,0.0,0.7067441208693215,10684000,7857000,0,0,0,0.0,0.7353987270685135,0.0,0.0
AKCA,2017-12-31,3.016356566364479,0.0,-0.7243199761656487,268804000,58367000,0,0,0,0.0,0.21713590571568875,0.0,0.0
AKCA,2018-12-31,3.3130633143650585,0.0,-0.8160513724866654,365261000,86454000,0,0,0,0.0,0.23669102367895833,0.0,0.0
AKCA,2019-12-31,11.831634839754274,0.0,0.0750860030497013,599250000,306866000,0,0,0,0.0,0.5120834376303713,0.0,0.0
AKER,2016-12-31,1.8775112964893987,0.0,-0.9751632165640348,5085107,72700,2036521,633163,0,0.0,0.014296650984925191,0.40048734471074054,0.12451321083312503
AKER,2017-12-31,4.356155642712168,0.0,-1.270523761123299,9337890,438432,947612,964671,0,0.0,0.04695193453767392,0.10148031300432965,0.10330717110610639
AKER,2018-12-31,3.37984697238409,0.0,-1.8597006078248428,7807253,181755,585267,176326,0,0.0,0.0232802754054467,0.0749645233733299,0.022584896377765645
AKER,2019-12-31,6.740129366275212,0.0,-0.4156256914625816,10884935,517444,198985,42881,0,0.0,0.047537628842064736,0.018280770624721228,0.00393948149437732
AKR,2016-12-31,7.523470113020933,0.939399223330062,0.0458120695440007,3995960000,71805000,543486000,70165000,1492308000,0.3734541887306179,0.017969399093084013,0.13600886895764722,0.017558984574420164
AKR,2017-12-31,3.903858323774868,0.9098244702810556,0.0392228427915025,3960247000,74823000,173702000,82536000,1425876000,0.36004723947773964,0.01889351851033534,0.04386140561434678,0.020841124303610355
AKR,2018-12-31,2.6102474604243535,1.067381749291712,0.0215408648822717,3958780000,21268000,120297000,90005000,1557849000,0.3935174472943685,0.005372362192392606,0.03038739207533634,0.02273553973698968
AKR,2019-12-31,3.4609481015502133,1.1328846118933442,0.0343932599714194,4309114000,15845000,253402000,78396000,1747257000,0.4054794094563291,0.003677090000403795,0.0588060561869563,0.018193067066687028
AKRO,2017-12-31,2.873873873873874,0.0,1.0909090709903593,658000,598000,0,0,0,0.0,0.9088145896656521,0.0,0.0
AKRO,2018-12-31,32.933817250213494,0.0,1.6369318295638935,77151000,75975000,0,0,0,0.0,0.9847571645215227,0.0,0.0
AKRO,2019-12-31,14.734656847048775,0.0,-0.33990802168948,138118000,64788000,0,0,0,0.0,0.46907716590162035,0.0,0.0
AKRX,2016-12-31,3.9065307168693577,0.0,0.2249103986405984,1973720000,200772000,174793000,283154000,0,0.0,0.10172263542954421,0.0885601807753886,0.14346209188740044
AKRX,2017-12-31,4.267667705112544,0.0,-0.02953401223466,1909511000,368119000,183568000,141383000,0,0.0,0.19278181691543017,0.09613351271608281,0.07404146925574139
AKRX,2018-12-31,3.4176838013616435,0.0,-0.9054737240518534,1495257000,224868000,173645000,153126000,0,0.0,0.15038752535517305,0.11613053809478906,0.10240781350630694
AKRX,2019-12-31,0.4870670980846947,0.0,-0.96789476379902,1288639000,144804000,170047000,134173000,0,0.0,0.11236971719775671,0.1319586012839903,0.10411992807915949
AKTS,2016-06-30,7.824588059141426,0.0,-2.019967014950134,4542739,4155444,43544,0,0,0.0,0.9147441664599263,0.009585406513559328,0.0
AKTS,2017-06-30,7.418386548500668,0.0,-0.6550732743864178,18092317,9631520,188476,0,0,0.0,0.5323541478960379,0.010417460627071702,0.0
AKTS,2018-06-30,6.00151171579743,0.0,-1.5696028880866426,29308000,14817000,58000,0,0,0.0,0.5055616214003003,0.0019789818479596013,0.0
AKTS,2019-06-30,9.894589552238806,0.0,-1.1268734347909843,47949000,30154000,94000,0,0,0.0,0.6288765146301278,0.0019604162756261864,0.0
AKTX,2016-12-31,3.8954062940042857,0.0,-0.531954267349509,45873678,34098812,0,0,0,0.0,0.7433197747954721,0.0,0.0
AKTX,2017-12-31,2.431818759189556,0.0,-2.063618797070369,29050343,28106671,0,0,0,0.0,0.9675159773500781,0.0,0.0
AKTX,2018-12-31,1.515639960172963,0.0,-5.292594350826523,8029554,5446138,0,0,0,0.0,0.6782615821501418,0.0,0.0
AKTX,2019-12-31,0.7891789095170473,0.0,9.650886509017422,6801798,5731691,0,0,0,0.0,0.8426729226595673,0.0,0.0
AL,2016-12-31,1.132516794859313,2.576402191836229,0.1108528298405735,13975616000,274802000,0,0,8713874000,0.6235055399346977,0.01966296154673969,0.0,0.0
AL,2017-12-31,0.9970890931554875,2.3498295069924664,0.1832011206941248,15614164000,292204000,0,0,9698785000,0.6211530120985024,0.018714034257613792,0.0,0.0
AL,2018-12-31,0.8452524258633143,2.400487840396097,0.1062711934926876,18481808000,300127000,0,0,11538905000,0.6243385387403657,0.016239049772619647,0.0,0.0
AL,2019-12-31,1.2804996829588762,2.4146885787428487,0.1044059476719248,21709155000,317488000,0,0,13578866000,0.6254903058179833,0.014624613440735026,0.0,0.0
ALB,2016-12-31,2.9002800624154133,0.5590733432022982,0.169608559754755,8161207000,2269756000,450263000,543105000,2121718000,0.25997600600009285,0.27811523467055793,0.05517112848626435,0.06654714186271712
ALB,2017-12-31,2.0630455690405314,0.3851792424049863,0.0149270019259506,7750772000,1137303000,592781000,619393000,1415360000,0.18260890657085513,0.14673415757810965,0.07648025254774621,0.0799137169819987
ALB,2018-12-31,1.689035331266011,0.3886460933344601,0.1934448826199941,7581674000,555320000,700540000,697456000,1393421000,0.18378803942242836,0.07324503796918728,0.09239911924464175,0.09199234891924923
ALB,2019-12-31,1.5792159807408963,0.7130861466081759,0.135603789179223,9860863000,613110000,768984000,752448000,2804033000,0.284359796906214,0.062176099596962256,0.07798343816357656,0.07630650583016922
ALBO,2016-12-31,2.428470254957507,0.0,-0.4424659017103269,49660000,29931000,0,0,0,0.0,0.6027184857027789,0.0,0.0
ALBO,2017-12-31,6.937949300037836,0.0,-0.3741437175302285,73224000,53231000,0,0,0,0.0,0.7269611056484213,0.0,0.0
ALBO,2018-12-31,13.072124756335285,0.0,-0.3759958250772605,185466000,163885000,0,0,0,0.0,0.8836390497449668,0.0,0.0
ALBO,2019-12-31,7.493077573451702,0.0,-0.6732108929702343,165069000,131843000,0,0,0,0.0,0.7987144769762947,0.0,0.0
ALC,2016-12-31,1.8132132132132133,0.0,-0.0073874500260733,27740000000,162000000,1207000000,1519000000,0,0.0,0.005839942321557318,0.04351117519826965,0.05475847152126893
ALC,2017-12-31,1.8487064116985377,0.0,0.0111164184289374,27388000000,172000000,1303000000,1682000000,0,0.0,0.006280122681466336,0.04757558054622463,0.06141375785015335
ALC,2018-12-31,1.7955625990491284,0.0,-0.0100269446530323,27062000000,227000000,1440000000,1598000000,0,0.0,0.008388145739413199,0.05321114477865642,0.059049589830758996
ALC,2019-12-31,1.8417391304347823,0.0,-0.0339843547635082,27655000000,822000000,1505000000,1740000000,0,0.0,0.029723377327788826,0.05442053878141385,0.06291809799312963
ALCO,2016-09-30,3.847895920334083,1.1282840509539456,0.0403077987203873,455445000,6625000,58469000,5753000,195746000,0.4297906443149008,0.014546213044385161,0.12837774045164618,0.012631602059524202
ALCO,2017-09-30,4.159982481386473,1.1215007376697108,-0.0588330500930646,419182000,3395000,36204000,4286000,180159000,0.429787061467334,0.008099107308997046,0.0863682123755314,0.010224675677867848
ALCO,2018-09-30,3.3088563978394485,0.9888389874329672,0.075820517438719,423422000,25260000,41033000,2544000,170196000,0.40195360656744333,0.05965679629305988,0.09690804918025044,0.0060081904105124435
ALCO,2019-09-30,2.1407550689095367,0.8066885225652718,0.1947113528869858,417388000,18630000,40143000,713000,156742000,0.3755306812845602,0.04463472835826617,0.09617669889886628,0.0017082426902546312
ALDX,2016-12-31,10.930285164041305,0.0,-0.8637232360901711,25187679,12015061,0,0,0,0.0,0.4770213642948205,0.0,0.0
ALDX,2017-12-31,13.1094462402799,0.0,-0.5641417712003824,44174958,2023337,0,0,0,0.0,0.04580280529072603,0.0,0.0
ALDX,2018-12-31,11.184623805760673,0.0,-0.449020462599341,95091155,3357472,0,0,0,0.0,0.035307931636754226,0.0,0.0
ALDX,2019-12-31,5.823541155733392,0.0,-1.265056153595926,75518281,16425830,0,0,0,0.0,0.21750799650749467,0.0,0.0
ALE,2016-12-31,0.737171464330413,0.7239302694136291,0.0820390913893291,4876900000,27500000,104200000,122500000,1370400000,0.28099817507022906,0.0056388279439808075,0.02136603170046546,0.025118415386823596
ALE,2017-12-31,1.0464123006833712,0.6958708055313799,0.0832608064984044,5080000000,98900000,95900000,135100000,1439200000,0.28330708661417325,0.019468503937007876,0.01887795275590551,0.02659448818897638
ALE,2018-12-31,0.825228338681807,0.662631041840616,0.0807588830132665,5165000000,69100000,86700000,144400000,1428500000,0.2765730880929332,0.013378509196515004,0.016786060019361084,0.027957405614714423
ALE,2019-12-31,0.5311391407173828,0.6276714906581836,0.083157847573816,5482800000,69300000,72800000,96400000,1400900000,0.2555081345298023,0.012639527248850951,0.013277887210914132,0.017582257240825856
ALEC,2016-12-31,33.90132450331126,0.0,0.6066567631589513,54111000,50838000,0,0,0,0.0,0.9395132228197594,0.0,0.0
ALEC,2017-12-31,8.501769879210306,0.0,0.6242192454788308,236060000,32451000,0,0,0,0.0,0.13746928746928747,0.0,0.0
ALEC,2018-12-31,6.114457328772837,0.0,0.5364381198792583,308359000,65470000,0,0,0,0.0,0.21231746114107258,0.0,0.0
ALEC,2019-12-31,5.767903824431176,0.0,-0.5411491042040022,421913000,89641000,0,0,0,0.0,0.21246323294138839,0.0,0.0
ALEX,2016-12-31,0.8376741368867353,0.3923757545687588,-0.0084346316050607,2156300000,2200000,44300000,72200000,474500000,0.2200528683392849,0.001020266196725873,0.020544451143161897,0.03348328154709456
ALEX,2017-12-31,0.2965041001294777,0.9071782178217822,0.3531868811881188,2231200000,68900000,99300000,95200000,586400000,0.2628182144137684,0.03088024381498745,0.044505198996055935,0.04266762280387235
ALEX,2018-12-31,2.0477366255144034,0.6474305671046067,-0.0598702810577083,2225200000,11400000,26500000,127200000,778600000,0.3499011324824735,0.005123134999101204,0.011909041883875607,0.05716340104260291
ALEX,2019-12-31,1.678115015974441,0.6237667762865523,-0.0323526797617989,2084300000,15200000,20700000,89400000,701800000,0.33670776759583554,0.007292616226071103,0.009931391834188936,0.042892098066497145
ALG,2016-12-31,4.16287166454892,0.1805879030323663,0.1032840963898926,552776000,16793000,135760000,170340000,70017000,0.12666432696064953,0.030379394184986322,0.2455967697584555,0.30815375486634733
ALG,2017-12-31,3.8724879887138304,0.1335981545641583,0.0986733703251779,639671000,25373000,155568000,206250000,60000000,0.09379821814651594,0.03966570315052582,0.24320002001028654,0.32243137487864854
ALG,2018-12-31,4.490173719906397,0.1675302687776794,0.1448368156634888,721633000,34043000,176630000,236843000,85000000,0.11778840490942072,0.04717494903919305,0.24476430540177624,0.32820422569366975
ALG,2019-12-31,3.5047214411139898,0.745874118264453,0.1104084723838408,1212763000,42311000,267674000,250744000,424967000,0.3504122404789724,0.034888102621864286,0.22071418735564988,0.20675432875178415
ALGN,2016-12-31,2.6894831162600363,0.0,0.1905606752736869,1396151000,389275000,27131000,247415000,0,0.0,0.27882012762229874,0.0194327117912031,0.17721220698907209
ALGN,2017-12-31,2.316497717232842,0.0,0.2004854940881305,1784009000,449511000,31688000,328665000,0,0.0,0.25196677819450464,0.017762242230840764,0.18422833068667255
ALGN,2018-12-31,1.8819965523868147,0.0,0.3194491779412574,2052458000,636899000,55641000,482314000,0,0.0,0.31031036932302636,0.027109446332153935,0.23499335918201494
ALGN,2019-12-31,1.6822548585435184,0.0,0.3289156116356861,2500702000,550425000,112051000,620976000,0,0.0,0.22010819361923173,0.04480781796471551,0.24832067155542722
ALGT,2016-12-31,1.074207555141538,1.524523776344849,0.4663339118537568,1671576000,64711000,16797000,40667000,722048000,0.4319564291423184,0.03871256825893648,0.010048600841361685,0.024328537858882875
ALGT,2017-12-31,0.9944515382283504,1.7171735244735782,0.3581132491492126,2180157000,59449000,17647000,71057000,950131000,0.4358085220468067,0.02726821967408769,0.00809437118519446,0.03259260686271677
ALGT,2018-12-31,0.9635250079767158,1.6216310962581175,0.2343866114459794,2498668000,81520000,19516000,36014000,1119446000,0.4480171035127516,0.03262538280395795,0.007810561467149697,0.014413279395261795
ALGT,2019-12-31,0.9177859689446672,1.2909826371086672,0.2627092267452586,3010803000,121888000,28375000,25516000,1140649000,0.378852086968161,0.040483552062356785,0.009424396083038312,0.00847481552263632
ALIM,2016-12-31,5.195878548723008,-0.7656738179545928,0.767756717350552,70229000,30979000,446000,13839000,33084000,0.47108744250950463,0.44111406968631195,0.006350652864201398,0.19705534750601603
ALIM,2017-12-31,4.065970427049943,-0.6378535897245526,0.4083636498626475,59924000,24067000,1508000,11435000,34365000,0.5734764034443629,0.401625392163407,0.02516520926506909,0.1908250450570723
ALIM,2018-12-31,3.4051201876099277,-1.3711172254000434,-0.794584027224676,54108000,13043000,2405000,17259000,37873000,0.69995194795594,0.24105492718267169,0.044448140755525986,0.318973164781548
ALIM,2019-12-31,2.7178784860557768,-1.1112133145534508,0.3001810917243956,50309000,9426000,1390000,19331000,38658000,0.7684112186686278,0.1873621022083524,0.027629251227414577,0.3842453636526268
ALJJ,2016-09-30,1.5179711038884012,1.199047966787023,0.1477409495990371,215310000,5279000,8873000,44288000,88666000,0.4118062328735312,0.02451813664019321,0.04121034787051228,0.2056941154614277
ALJJ,2017-09-30,1.413229791172092,0.8572368489760112,0.163681555669274,239129000,5630000,9376000,49457000,82083000,0.34325824136763,0.023543777626302123,0.03920896252650243,0.2068214227467183
ALJJ,2018-09-30,1.4052510636361568,0.9110763919237828,-0.0801066340354864,231468000,2000000,7656000,46383000,83389000,0.3602614616275252,0.008640503222907702,0.03307584633729068,0.20038623049406398
ALJJ,2019-09-30,1.2845038151438517,0.9984359208816592,-0.1922493863997305,231177000,4529000,6777000,42604000,82986000,0.3589716970113809,0.01959104928258434,0.029315200041526622,0.18429168991724956
ALK,2016-12-31,0.8086785009861933,0.9024223814397816,0.2719208461276015,9962000000,328000000,47000000,302000000,2645000000,0.2655089339490062,0.032925115438666934,0.004717928126882152,0.030315197751455532
ALK,2017-12-31,0.8011913626209978,0.6552023121387284,0.2774566473988439,10746000000,194000000,57000000,341000000,2267000000,0.21096221849990693,0.01805322910850549,0.00530429927414852,0.03173273776288851
ALK,2018-12-31,0.6074099252209382,0.4321514262863236,0.1165022660623833,10912000000,105000000,60000000,366000000,1621000000,0.14855205278592376,0.009622434017595308,0.005498533724340176,0.03354105571847507
ALK,2019-12-31,0.6363636363636364,0.2930039251904872,0.1775571461556222,12993000000,221000000,72000000,323000000,1269000000,0.09766797506349573,0.017009158777803433,0.005541445393673516,0.024859539752174246
ALKS,2016-12-31,3.729736359219408,0.2320549061953019,-0.1723416903614029,1726423000,186378000,62998000,191102000,280666000,0.16257081839155293,0.10795616138107521,0.03649047771027147,0.11069245486187336
ALKS,2017-12-31,2.7783678320429237,0.2314883173374304,-0.1313135596038603,1797227000,191296000,93275000,233590000,278436000,0.15492533775644368,0.1064395315672422,0.05189939835090392,0.12997245200522806
ALKS,2018-12-31,2.893841200327276,0.2360356360749091,-0.1189386016212962,1825007000,266762000,90196000,300453000,276465000,0.1514870901865034,0.14617039825052724,0.049422276188529686,0.16463114935997505
ALKS,2019-12-31,2.4595767964163717,0.2527035069584556,-0.181142797127806,1805403000,203771000,101803000,265472000,274295000,0.15193006769125786,0.11286732103580198,0.05638796434923394,0.14704307016217433
ALL,2016-12-31,0.5092114769326039,0.3371222180910395,0.0996972433207627,108610000000,436000000,0,5597000000,6347000000,0.058438449498204585,0.004014363318294817,0.0,0.051533008010312124
ALLE,2016-12-31,1.9304003724394785,12.497793468667256,2.0220653133274493,2247400000,312400000,220600000,271900000,1416000000,0.630061404289401,0.13900507252825486,0.09815787131796742,0.12098424846489277
ALLE,2017-12-31,2.2411024305555554,3.5913844621513946,0.6805278884462151,2542000000,466200000,239800000,308800000,1442300000,0.5673878835562549,0.1833988985051141,0.09433516915814319,0.12147915027537372
ALLE,2018-12-31,1.7887864823348694,2.165130568356375,0.6680491551459293,2810200000,283800000,280300000,340300000,1409500000,0.5015657248594406,0.10098925343391929,0.09974379047754608,0.12109458401537257
ALLE,2019-12-31,1.9759368836291913,1.8848692896752048,0.5304990757855823,2967200000,355300000,269900000,344000000,1427600000,0.4811269884065786,0.11974251819897547,0.09096117551900781,0.11593421407387436
ALLK,2016-12-31,5.351479289940828,0.0,0.4693160610385333,14176000,13416000,0,0,0,0.0,0.9463882618510157,0.0,0.0
ALLK,2017-12-31,30.889684813753583,0.0,0.4007623196297304,87029000,85207000,0,0,0,0.0,0.9790644497811074,0.0,0.0
ALLK,2018-12-31,34.55270167427702,0.0,-0.236627281324391,191259000,33660000,0,0,0,0.0,0.17599171803679828,0.0,0.0
ALLK,2019-12-31,38.27195467422096,0.0,-0.1722178402770913,516894000,38367000,0,0,0,0.0,0.07422605021532461,0.0,0.0
ALLO,2017-12-31,0.0,0.0,12.0,0,0,0,0,0,0.0,0.0,0.0,0.0
ALLO,2018-12-31,0.0,0.0,-0.3007904272687453,0,0,0,0,0,0.0,0.0,0.0,0.0
ALLO,2019-12-31,0.0,0.0,-0.2934614473556611,0,0,0,0,0,0.0,0.0,0.0,0.0
ALLT,2016-12-31,5.969935059729015,0.0,-0.0508191197879252,190940000,23326000,7235000,25587000,0,0.0,0.12216403058552425,0.03789148423588562,0.13400544673719492
ALLT,2017-12-31,4.548311325545963,0.0,-0.1262637201405725,184525000,15342000,7897000,23656000,0,0.0,0.08314320552770628,0.042796369055683514,0.1281994309714131
ALLT,2018-12-31,3.387617041198502,0.0,-0.0766355415259412,189844000,16336000,11345000,27420000,0,0.0,0.08604959861781251,0.05975959208613388,0.14443437769958492
ALLT,2019-12-31,2.0817243539119303,0.0,-0.0656726153006044,215169000,16930000,10668000,30781000,0,0.0,0.07868233806914565,0.049579632753788884,0.14305499398147503
ALLY,2016-12-31,1.080531672630943,2.9717654126304724,0.0801231508598032,163728000000,5934000000,0,107625000000,39575000000,0.2417118635786182,0.03624303723248314,0.0,0.6573402228085605
ALLY,2017-12-31,0.9798690377604944,2.459537572254335,0.0688454127760486,167148000000,4252000000,0,108823000000,33189000000,0.19856055711106324,0.02543853351520808,0.0,0.6510577452317706
ALLY,2018-12-31,0.9449779864519852,2.6542809767862527,0.0951914380464274,178869000000,4537000000,0,113044000000,35217000000,0.1968871073243547,0.0253649318775193,0.0,0.6319932464541089
ALLY,2019-12-31,0.8445399301122727,1.7208657047724751,0.1189650388457269,180644000000,3555000000,0,110614000000,24808000000,0.1373308828413897,0.01967959079736941,0.0,0.612331436416377
ALNA,2016-12-31,15.16153846153846,-0.1587293553992273,0.413431853838757,49479000,25250000,0,0,9409000,0.1901614826492047,0.5103175084379231,0.0,0.0
ALNA,2017-12-31,12.731406602147686,0.0665620851936768,-0.2612525642572704,96249000,94494000,0,0,5516000,0.057309686334403476,0.9817660443225384,0.0,0.0
ALNA,2018-12-31,11.186708311643242,0.2017955354254286,-0.7208023293432546,65229000,61643000,0,0,9980000,0.15299943276763403,0.9450244523141548,0.0,0.0
ALNA,2019-12-31,3.0285111844517787,0.3481800209326666,-2.752587510175602,34108000,30007000,0,0,5988000,0.17555998592705524,0.8797642781752082,0.0,0.0
ALNY,2016-12-31,5.101610490588387,0.0,-0.4456625093319974,1262810000,193617000,0,23334000,0,0.0,0.15332235253125964,0.0,0.018477839104853462
ALNY,2017-12-31,12.233814670262252,0.0,-0.2778902770614873,1994730000,645361000,0,34002000,0,0.0,0.32353300947997976,0.0,0.01704591598863004
ALNY,2018-12-31,6.689337805163404,0.0,-0.5848828501534219,1574802000,420146000,0,18760000,0,0.0,0.26679290475882045,0.0,0.011912608696204348
ALNY,2019-12-31,4.866401583691157,0.0,-0.6159177919943949,2395134000,547178000,0,43011000,0,0.0,0.22845402386672312,0.0,0.017957659153934602
ALO,2016-12-31,3.0101149914821126,0.0,0.2218106593237633,170843000,33877000,10335000,8899000,0,0.0,0.19829316975234573,0.060494137892685096,0.05208875985553988
ALO,2017-12-31,3.4889095015325053,0.0,0.0605234376987053,235635000,31474000,21984000,11692000,0,0.0,0.13357098902964332,0.09329683620854287,0.04961911430814607
ALO,2018-12-31,2.598985677149702,0.0,-0.0552426206809742,348286000,21978000,64298000,13731000,0,0.0,0.06310331164617584,0.1846126459289205,0.039424495960216605
ALO,2019-12-31,2.1722168674698796,0.0,-1.1484853849980188,251284000,16567000,62949000,7914000,0,0.0,0.06592938667006255,0.25050938380477866,0.031494245554830394
ALOT,2017-01-31,5.124989570296203,0.0,0.0599401732424117,83665000,18098000,19506000,15702000,0,0.0,0.21631506603717204,0.23314408653558835,0.1876770453594693
ALOT,2018-01-31,2.4292991664093857,0.0,0.0516285135198831,122313000,10177000,27609000,22400000,0,0.0,0.08320456533647282,0.22572416668710604,0.1831367066460638
ALOT,2019-01-31,2.5383336711939997,0.0,0.0821211035471157,118983000,7534000,30161000,23486000,0,0.0,0.0633199700797593,0.2534899943689435,0.19738954304396428
ALOT,2020-01-31,2.247207382224381,0.0,0.0246444833625218,116664000,4249000,33925000,19784000,0,0.0,0.03642083247617088,0.29079236096825073,0.1695810189947199
ALPN,2016-12-31,4.931364392678868,-0.0775566231983527,0.8455730954015099,12595000,11819000,0,0,113000,0.008971814211988883,0.9383882493052798,0.0,0.0
ALPN,2017-12-31,43.56094986807388,0.0511803540428551,-0.098622603494811,85222000,8000000,0,0,4039000,0.04739386543380817,0.09387247424373987,0.0,0.0
ALPN,2018-12-31,6.588532053648333,0.0483281379650602,-0.8182592899912539,54873000,10711000,0,0,2155000,0.039272501959069124,0.19519618027080712,0.0,0.0
ALPN,2019-12-31,4.872940905425642,0.1529822894754699,-1.4199633575354549,54093000,16123000,0,0,4509000,0.08335644168376685,0.2980607472316196,0.0,0.0
ALRM,2016-12-31,4.7906496385299375,0.0350328629169302,0.0530930880684343,261245000,140634000,10543000,32810000,6700000,0.025646423855002008,0.5383222645409481,0.040356753239296446,0.12559092040039044
ALRM,2017-12-31,3.6837067164011414,0.3049474502527627,0.1256340544696276,371641000,96329000,14177000,44634000,71000000,0.19104458334790833,0.25919906576507973,0.038147028987652064,0.12009977370634564
ALRM,2018-12-31,3.0299322439218814,0.2413640309954645,0.0775390955693489,440985000,146061000,22990000,50510000,67000000,0.15193260541741782,0.331215347460798,0.05213329251561845,0.11453904327811604
ALRM,2019-12-31,3.2149086351342437,0.1771399489949416,0.1505155334864797,557799000,119629000,34168000,77373000,63000000,0.11294390990302959,0.21446614282205598,0.06125503989788436,0.1387112562051922
ALRN,2016-12-31,5.176369442397445,0.0,0.1620932686975654,22021000,20715000,0,0,0,0.0,0.9406929748876073,0.0,0.0
ALRN,2017-12-31,10.599059497035372,0.0,-0.4729167102537816,52688000,11863000,0,0,0,0.0,0.22515563316125115,0.0,0.0
ALRN,2018-12-31,4.054934823091248,0.0,-1.6095408163265306,30312000,10635000,0,0,0,0.0,0.3508511480601742,0.0,0.0
ALRN,2019-12-31,3.3481760575441,0.0,-1.8300722831505485,26473000,5311000,0,0,0,0.0,0.2006194991123031,0.0,0.0
ALRS,2016-12-31,0.1375585484437366,0.4137670957361223,0.1008217446270543,2050045000,29767000,0,0,57603000,0.02809840759593082,0.014520169069459452,0.0,0.0
ALRS,2017-12-31,0.0785000844665934,0.3901203891886052,0.101287617401403,2136081000,30598000,0,0,57778000,0.0270485997487923,0.014324363167876124,0.0,0.0
ALRS,2018-12-31,0.0602405001404304,0.3567278099224424,0.159214575895605,2179070000,24351000,0,0,57954000,0.02659574956288692,0.01117495078175552,0.0,0.0
ALRS,2019-12-31,0.1081196834752901,0.2034417347967297,0.1033850375181991,2356878000,20806000,0,0,58129000,0.02466355916598144,0.00882777980022725,0.0,0.0
ALSK,2016-12-31,1.3339124548736463,1.1254189607871712,0.0151174357382263,442360000,21228000,4917000,25062000,177626000,0.401541730717063,0.047988064020254996,0.01111538113753504,0.05665521294872954
ALSK,2017-12-31,1.077939049676779,1.100573870335268,-0.0397410092561832,442786000,4354000,7046000,32535000,168959000,0.38158162182182814,0.00983319255803029,0.01591287890764387,0.07347793290664113
ALSK,2018-12-31,1.385593399619209,0.9953320577450522,0.0537879640544751,455185000,13351000,6737000,31472000,168023000,0.369131232356075,0.029330931379548973,0.014800575590144666,0.06914111844634599
ALSK,2019-12-31,1.489792926516401,0.9544604229047337,0.0285411466266658,557245000,26662000,8900000,36864000,164800000,0.29574065267521465,0.04784610000986998,0.01597143087869788,0.0661540256081257
ALSN,2016-12-31,1.6023391812865495,2.0027752081406107,0.1988899167437557,4219000000,205000000,126000000,200000000,2165000000,0.5131547760132733,0.04858971320218061,0.029864896894998817,0.04740459824602986
ALSN,2017-12-31,1.515587529976019,3.677793904208998,0.7314949201741655,4205000000,199000000,154000000,254000000,2534000000,0.602615933412604,0.04732461355529132,0.0366230677764566,0.06040428061831153
ALSN,2018-12-31,1.7018779342723005,3.840667678300455,0.969650986342944,4237000000,231000000,170000000,279000000,2531000000,0.597356620250177,0.05451970734009913,0.0401227283455275,0.06584847769648336
ALSN,2019-12-31,1.645083932853717,3.2509603072983353,0.7733674775928298,4450000000,192000000,199000000,253000000,2539000000,0.570561797752809,0.043146067415730335,0.044719101123595506,0.05685393258426966
ALT,2016-12-31,0.8202005475327484,0.0,-0.3442967107259234,38400335,2876113,0,1190553,0,0.0,0.07489812263356557,0.0,0.031003713899891757
ALT,2017-12-31,6.111378724541312,0.0,-1.1784343228468663,63030200,8769465,0,10167896,0,0.0,0.1391311625220926,0.0,0.16131784446186115
ALT,2018-12-31,8.696402022792306,0.0,-0.8107859971668655,54750542,33718713,0,4470911,0,0.0,0.6158608073688111,0.0,0.08165966649243399
ALT,2019-12-31,10.041998226356927,0.0,-0.450792293153014,54058020,8962686,0,1650275,0,0.0,0.16579752643548543,0.0,0.030527847671816318
ALTG,2017-12-31,0.733184601016914,5.065615558912387,0.5577794561933535,263454000,0,84200000,53198000,53655000,0.20365984194584255,0.0,0.319600385646071,0.20192519377196777
ALTG,2018-12-31,0.7181528662420382,5.745901639344262,0.1229508196721311,342600000,0,109700000,65900000,70100000,0.20461179217746644,0.0,0.3201984821949796,0.19235259778166958
ALTG,2019-12-31,0.7108328479906815,-3.728448275862069,1.5258620689655171,454200000,0,137200000,101200000,86500000,0.19044473800088066,0.0,0.3020695728753853,0.22280933509467196
ALTM,2017-12-31,0.0495296093065854,0.0,-0.0334052693103138,705751000,0,743000,5422000,0,0.0,0.0,0.001052779238003205,0.007682596269789203
ALTM,2018-12-31,4.750560794145411,0.0,0.0205321130108462,1857319000,0,5802000,10914000,0,0.0,0.0,0.0031238575602790903,0.005876211894671836
ALTM,2019-12-31,0.9419743559301912,0.0,1.0470013453232316,1500854000,0,4027000,20656000,0,0.0,0.0,0.0026831390661583338,0.013762831028201278
ALTR,2016-12-31,0.6651878105123256,-2.1580936445200933,-0.2931944724922828,250776000,16874000,1227000,79567000,74806000,0.29829808275114045,0.06728714071521996,0.004892812709350177,0.3172831530928
ALTR,2017-12-31,0.728683348272841,0.0029377300259114,-1.6824445874799887,287871000,39213000,1980000,92689000,178000,0.0006183325169954598,0.13621726398282563,0.006878080807028148,0.3219810262235515
ALTR,2018-12-31,1.2106545523138832,0.1042065335085771,0.0528966310957961,487197000,35345000,2000000,103934000,30604000,0.06281647875500054,0.072547655260603,0.00410511558979222,0.21333054185473227
ALTR,2019-12-31,2.305659858961443,0.5003961015711559,-0.0212626195705187,743145000,223117000,2400000,114948000,177494000,0.23884167961837866,0.3002334672237585,0.0032295177926245887,0.1546777546777547
ALV,2016-12-31,1.594125346473668,0.3599477863591863,0.1542206026324377,8234400000,1226700000,773400000,1996100000,1323600000,0.16074030894782862,0.14897260273972604,0.09392305450306034,0.2424098902166521
ALV,2017-12-31,1.583929782264748,0.3248246635771109,0.1058461995985229,8549900000,959500000,704300000,1737900000,1310700000,0.15330003859694266,0.11222353477818454,0.08237523245885917,0.20326553526941835
ALV,2018-12-31,1.1465363810853255,0.8541699846047672,0.1010776662950576,6721600000,615800000,757900000,1701200000,1609000000,0.23937752915972388,0.09161509164484646,0.11275589145441561,0.25309450130921207
ALV,2019-12-31,1.2455812795618622,0.8183671534230988,0.2188033377583918,6771200000,444700000,740900000,1653500000,1726100000,0.2549178875236295,0.06567521266540642,0.10941930529300567,0.2441960066162571
ALX,2016-12-31,12.91839339165139,2.982496563646927,0.2450849523161728,1451230000,288926000,0,182066000,1052359000,0.7251497005988023,0.1990904267414538,0.0,0.12545633703823653
ALX,2017-12-31,16.974380475318313,3.6057681964210433,0.2340684101117879,1632395000,307536000,0,375943000,1240222000,0.759756063942857,0.18839557827609127,0.0,0.23030148952918872
ALX,2018-12-31,14.633003133208849,3.3877695621062673,0.1152049163077182,1285549000,283056000,0,172864000,965826000,0.7512945830925153,0.22018297241100884,0.0,0.13446706426592842
ALX,2019-12-31,14.314784297569302,3.829994280417332,0.236968226732146,1265511000,298063000,0,172468000,970961000,0.7672481708969736,0.23552778284819334,0.0,0.13628328793665168
ALXN,2016-12-31,3.133065986146555,0.3322022590811843,0.0459407853872874,13253300000,966000000,374700000,649600000,2888100000,0.2179155380169467,0.07288750726234221,0.02827220390393336,0.04901420778221273
ALXN,2017-12-31,3.1012073490813648,0.3059338138556858,0.0498476346830688,13583300000,584400000,460400000,726500000,2720700000,0.20029742404275838,0.043023418462376596,0.0338945617044459,0.05348479382771491
ALXN,2018-12-31,2.8833049403747872,0.2748409762910107,0.0084667168559676,13931900000,1365500000,472500000,922300000,2519000000,0.18080807355780618,0.09801247496752058,0.03391497211435626,0.06620059001284821
AM,2016-12-31,1.383943661971831,0.0,0.9456617002629272,17369000,9609000,0,0,0,0.0,0.5532270136449997,0.0,0.0
AM,2017-12-31,0.4230796410147692,0.0,0.1489620707329574,29759000,5987000,0,0,0,0.0,0.20118283544473942,0.0,0.0
AM,2018-12-31,0.1727024459748278,0.0,2.158322802242312,47705000,2822000,0,0,0,0.0,0.059155224819201345,0.0,0.0
AM,2019-12-31,0.4484311230812445,0.0,-0.112970801809752,6282878000,1235000,0,0,0,0.0,0.0001965659686532191,0.0,0.0
AMAG,2016-12-31,2.296614963707783,1.0331403730138091,-0.0026573514885128,2478426000,274305000,37258000,92375000,965355000,0.38950325730927615,0.11067709909434456,0.015032928156822112,0.03727163933883844
AMAG,2017-12-31,1.7350981931311618,0.9296913358405758,-0.2521094750482129,1900356000,162855000,34443000,91460000,734683000,0.3866028259968132,0.08569710096424038,0.01812449877812368,0.04812782447078337
AMAG,2018-12-31,3.1743067140543024,0.3508086063844747,-0.0880741440156431,1175459000,253256000,26691000,85347000,261933000,0.22283465437756655,0.21545285713921114,0.02270687450604402,0.07260738145694576
AMAG,2019-12-31,1.5205385361729924,0.9682474774481946,-1.630286698891021,791227000,113009000,31553000,94163000,277034000,0.35013213654235764,0.1428275324274829,0.039878568350170056,0.11900883058844049
AMAL,2016-12-31,0.0478237515058931,1.2880673455467937,0.0315846785291196,4042499000,140635000,3110000,0,430570000,0.1065108488585897,0.034789124252102475,0.0007693261024925423,0.0
AMAL,2017-12-31,0.0424429176541918,0.1387019102462978,0.0181120527586186,4041162000,116459000,14203000,0,46775000,0.011574641155192491,0.028818196350455638,0.0035145831817680164,0.0
AMAL,2018-12-31,0.0238559060801041,0.0377358920127402,0.1016626559237951,4685489000,80845000,937000,0,16575000,0.003537517642235421,0.01725433567339503,0.0001999791270452241,0.0
AMAL,2019-12-31,0.0308094928306597,0.1529332599253685,0.0962500764666299,5325338000,113438000,874000,0,75000000,0.014083613096483266,0.021301558699184917,0.00016412103795101831,0.0
AMAT,2016-10-30,2.299834801762114,0.4330054039074407,0.2384647360399057,14570000000,3406000000,2050000000,2279000000,3125000000,0.21448181194234728,0.23376801647220316,0.14070006863417983,0.15641729581331504
AMBA,2017-01-31,8.613409074196632,0.0,0.1271572297716404,512271000,322872000,20145000,38596000,0,0.0,0.6302757720034904,0.039324888584362575,0.07534293372062834
AMBA,2018-01-31,9.265966639116389,0.0,0.0390968649092572,546649000,346672000,23383000,31294000,0,0.0,0.6341765922923119,0.04277516285587278,0.05724697200580263
AMBA,2019-01-31,10.49609204827922,0.0,-0.0725811642259987,466853000,194047000,18252000,26212000,0,0.0,0.4156490372772586,0.039095818169745084,0.05614615307173779
AMBA,2020-01-31,8.440873290554318,0.0,-0.0999660768805013,527276000,231403000,22971000,19687000,0,0.0,0.43886503463081955,0.043565419249121905,0.03733718204507696
AMBC,2016-12-31,0.2707579559657783,7.159251280986094,0.0436678853198001,22635702000,91025000,0,1348158000,12270341000,0.5420791014124501,0.004021302277260939,0.0,0.05955892156558697
AMBC,2017-12-31,0.3613177811694033,9.522686924210872,-0.2382076359666017,23192374000,623703000,0,1240505000,13152240000,0.5670933040317476,0.026892589779726733,0.0,0.05348762485461816
AMBC,2018-12-31,0.6958109559613319,5.149497487437186,0.1168341708542713,14589000000,63000000,0,2475000000,8198000000,0.5619302213996847,0.00431832202344232,0.0,0.16964836520666254
AMBC,2019-12-31,0.8078358208955224,4.993906567366283,-0.1462423832092078,13320000000,24000000,0,2456000000,7376000000,0.5537537537537538,0.0018018018018018018,0.0,0.1843843843843844
AMC,2016-12-31,0.5748402287251934,1.863953025477707,0.0555832006369426,8641800000,207100000,29000000,222300000,3745800000,0.43345136429910436,0.0239649147168414,0.003355782360156449,0.025723807540095813
AMC,2017-12-31,0.6189868028948489,1.9977750426055672,-0.2306381367165309,9805900000,310000000,34000000,298000000,4220100000,0.4303633526754301,0.03161362037140905,0.0034673002987997024,0.03038986732477386
AMC,2018-12-31,0.5882840147579248,3.368488838008014,0.0787779049799656,9495800000,313300000,35200000,284200000,4707800000,0.4957770803934371,0.03299353398344531,0.0037069019987784075,0.029929021251500664
AMC,2019-12-31,0.3481791847713635,3.8983692966562344,-0.1227969033108219,13675800000,265000000,37500000,265900000,4733400000,0.34611503531786075,0.01937729419851124,0.0027420699337515906,0.01944310387692128
AMCR,2016-06-30,0.8759738834631845,4.360887868350555,0.3113917591529532,8682100000,515700000,1244400000,1339300000,3418500000,0.3937411455753792,0.059398071895048435,0.14332937883691735,0.15425991407608758
AMCR,2017-06-30,0.8146596599077884,4.349581302337207,0.7049118860142483,9083300000,561500000,1305500000,1328000000,3480100000,0.3831316812171788,0.06181674061189216,0.14372529807448833,0.14620237138484912
AMCR,2018-06-30,0.7161536635543598,4.285349505266518,0.917969996808171,9057500000,620800000,1358800000,1379000000,2685200000,0.29646149599779187,0.06853988407397185,0.15001932100469226,0.1522495169748827
AMCR,2019-06-30,1.1471443040204323,0.9457479051524336,0.0766981636655375,17165000000,601600000,1953800000,1864300000,5304700000,0.309041654529566,0.03504806291872997,0.11382464316923974,0.10861054471307895
AMCX,2016-12-31,1.777805608597138,-86.3394388670966,-8.992420716707665,4480595000,481389000,0,701163000,2597263000,0.5796692180391221,0.10743863259232311,0.0,0.15648881454360414
AMCX,2017-12-31,2.513101698423066,22.9669863054304,3.4926784443917476,5032985000,558783000,0,775891000,3099257000,0.6157890397050657,0.1110241735272408,0.0,0.15416119857301383
AMCX,2018-12-31,2.4622012713485097,9.751866237211065,1.4089522546419098,5278563000,554886000,0,845108000,3088221000,0.5850495674675096,0.10512065499644506,0.0,0.16010190652266534
AMCX,2019-12-31,2.897146984740322,4.566034476802432,0.5714882221030639,5596686000,816170000,0,864426000,3039979000,0.5431748359654267,0.14583094352622247,0.0,0.15445318890500556
AMD,2016-12-31,1.8796433878157504,3.449519230769231,-1.1971153846153846,3321000000,1264000000,751000000,311000000,1435000000,0.43209876543209874,0.3806082505269497,0.22613670581150255,0.09364649202047576
AMD,2017-12-30,1.7409120951751489,2.2231543624161074,-0.0553691275167785,3552000000,1185000000,694000000,457000000,1325000000,0.37302927927927926,0.33361486486486486,0.19538288288288289,0.12865990990990991
AMD,2018-12-29,1.784274193548387,0.8799368088467614,0.2661927330173775,4556000000,1078000000,845000000,1251000000,1114000000,0.24451273046532046,0.23661106233538193,0.18546971027216858,0.2745829675153644
AMD,2019-12-28,1.9487070792708776,0.171913689423417,0.1206225680933852,6028000000,1466000000,982000000,1866000000,486000000,0.08062375580623755,0.24319840743198406,0.16290643662906437,0.3095554080955541
AME,2016-12-31,2.0857902234972268,0.6333903779901999,0.157271904027406,7100674000,717259000,492104000,592326000,2062644000,0.2904856637552998,0.10101280526327501,0.06930384355062633,0.08341827832118472
AME,2017-12-31,1.6990584571554534,0.4633406271127483,0.1691986335398483,7796064000,646300000,540504000,682176000,1866166000,0.2393728425010364,0.08290080738177624,0.06933036978660001,0.08750261670504501
AME,2018-12-31,1.458757579224345,0.5360393236839338,0.1833916323779645,8662288000,353975000,624744000,791105000,2273837000,0.26249842997600636,0.04086391493794711,0.07212228455114861,0.0913274876106636
AME,2019-12-31,1.4207382502324917,0.4440026492075444,0.168370315113385,9844559000,393030000,624567000,817799000,2271292000,0.23071546424781444,0.03992357605861268,0.06344286219423338,0.0830711665194957
AMED,2016-12-31,1.1850695899596355,0.1908049273907384,0.0809664430696888,734029000,30197000,0,169056000,87809000,0.11962606382036677,0.041138701604432525,0.0,0.23031242634827778
AMED,2017-12-31,1.4468199867945055,0.1517558958396805,0.0588002429553618,813482000,86363000,0,206596000,78203000,0.09613365753636835,0.1061646108948938,0.0,0.25396505392866714
AMED,2018-12-31,1.0073805713874755,0.0119917272655539,0.2478207241965023,717118000,20229000,0,192472000,5775000,0.008053067974866062,0.028208746677673688,0.0,0.2683965539841421
AMED,2019-12-31,1.072217481334667,0.3599906315871652,0.198037317511125,1262745000,30294000,0,241596000,230556000,0.18258318187757624,0.023990591924735398,0.0,0.19132603969922668
AMEH,2016-12-31,1.6030610539508972,0.0,0.1313385945018091,349998962,55875319,0,22275896,0,0.0,0.1596442420306378,0.0,0.06364560589753977
AMEH,2017-12-31,1.3153004809702422,0.0,0.1613139112912351,490635793,99749199,0,20117304,0,0.0,0.203305996878218,0.0,0.041002520172840305
AMEH,2018-12-31,2.400217151855798,0.0,0.060012473730216,512999049,106891503,0,57459089,0,0.0,0.2083658891929057,0.0,0.11200622907977359
AMEH,2019-12-31,3.1213830182648783,0.0,0.0736968021683063,728713347,103189328,0,98950324,0,0.0,0.14160482777598968,0.0,0.13578772010607898
AMG,2016-12-31,1.8018018018018016,0.5828268316941099,0.1306221681953807,8749100000,430800000,0,406200000,2109600000,0.24112194397137993,0.049239350333177126,0.0,0.04642763255649152
AMG,2017-12-31,1.7023494082317612,0.4852441002563968,0.1803934906598294,8702100000,439500000,0,446200000,1854700000,0.21313246227921995,0.050505050505050504,0.0,0.05127497960262466
AMG,2018-12-31,2.224614212230901,0.5291837797188639,0.070457569271707,8219100000,565500000,0,416800000,1829600000,0.22260344806608995,0.06880315362995948,0.0,0.05071114842257668
AMG,2019-12-31,2.1726238830219335,0.6106553191489361,0.0053446808510638,7653500000,539600000,0,431900000,1793800000,0.23437642908473247,0.07050369112170903,0.0,0.05643169791598615
AMGN,2017-12-31,5.485144124168515,1.3545422130660434,0.0784041836694267,79954000000,3800000000,2834000000,3237000000,34190000000,0.4276208820071541,0.04752732821372289,0.035445381094129126,0.04048577932311079
AMH,2016-12-31,2.265459408823629,0.697084792463613,0.0015968740861801,8107210000,118799000,0,22818000,2922574000,0.36049072368916063,0.014653499785992962,0.0,0.002814531756300873
AMH,2017-12-31,0.8429811013781965,0.4591333292550655,0.015730267252772,8608768000,46156000,0,30144000,2364190000,0.2746258233466159,0.0053615104972047105,0.0,0.00350154633043892
AMH,2018-12-31,1.5437474352798444,0.5338443765160824,0.0206171020663944,9001481000,30284000,0,35039000,2803543000,0.3114535263697163,0.0033643352688296517,0.0,0.0038925816762819363
AMH,2019-12-31,2.0545270395687227,0.5311075464398606,0.0264361943006579,9100109000,37575000,0,66452000,2833497000,0.31136956711177854,0.004129071421012649,0.0,0.007302330114946975
AMK,2017-12-31,1.4147434044837124,0.0,0.1117186142006731,1097741000,50147000,0,7981000,0,0.0,0.04568199602638509,0.0,0.007270385273028884
AMK,2018-12-31,2.5745100030466133,0.0,0.0535413605794472,1147275000,105354000,0,9678000,0,0.0,0.09182977054324377,0.0,0.008435640975354645
AMK,2019-12-31,3.1953724414940954,0.0,-0.0004890197598912,1188960000,96341000,0,13673000,0,0.0,0.08102963934867448,0.0,0.01149996635715247
AMKR,2016-12-31,1.4017606330562684,1.0405106144314638,0.1268658010910762,4092086000,549518000,267990000,563107000,1439638000,0.35181029919703544,0.13428798905985848,0.06548982597139943,0.13760878925809478
AMKR,2017-12-31,1.2472916614506635,0.7313556284472574,0.1553697629395216,4508388000,596364000,213649000,798264000,1240581000,0.27517174653113263,0.13227876571404235,0.04738922204566244,0.17706195651305967
AMKR,2018-12-31,1.442657820157231,0.6652310247249446,0.0694286931725064,4495447000,681569000,230589000,724456000,1217732000,0.27088118267215694,0.1516131766207009,0.05129389802615847,0.16115327352318912
AMKR,2019-12-31,1.8885896718541089,0.664933069007643,0.061560115677287,4695615000,894948000,220602000,850753000,1305755000,0.27807965516764044,0.1905922866333803,0.0469804274839398,0.18118031397378193
AMN,2016-12-31,1.6398995596637431,0.799300374068445,0.2355184775570059,1186881000,10622000,0,391571000,359192000,0.30263522627795036,0.008949507153623658,0.0,0.32991597304194775
AMN,2017-12-31,1.787421966886818,0.5685824858184585,0.2356473555935981,1253957000,15147000,0,407406000,319843000,0.25506696003132484,0.012079361573004497,0.0,0.32489630824661453
AMN,2018-12-31,1.5691932176912813,0.6895366124665487,0.2218203727757867,1492721000,13856000,0,416813000,440607000,0.29517036338337843,0.009282377617786578,0.0,0.2792303451214259
AMN,2019-12-31,1.4823898123537114,0.8376867342977596,0.1547190196839599,1931646000,82985000,0,431383000,617159000,0.3194990179359986,0.042960770244651454,0.0,0.2233240459173161
AMNB,2016-12-31,0.0455523396479749,0.1376700764723408,0.0809464693614063,1678638000,53207000,1328000,0,27724000,0.01651577052348392,0.031696530163144165,0.0007911175607843978,0.0
AMNB,2017-12-31,0.038577795667354,0.1333192792153969,0.0730606515041898,1816078000,52477000,1225000,0,27826000,0.01532202911989463,0.028895785313185887,0.0006745304992406714,0.0
AMNB,2018-12-31,0.0444229162936841,0.1254909185681804,0.1014594997798168,1862866000,64255000,869000,0,27927000,0.014991416451854294,0.03449255072560238,0.0004664855121087614,0.0
AMNB,2019-12-31,0.042520557000207,0.110991762891169,0.0652786191133398,2478550000,78904000,1308000,0,35546000,0.014341449637893123,0.03183474208710738,0.0005277279054285772,0.0
AMOT,2016-12-31,3.0544362962366023,0.9750574108402732,0.125584483855795,179919000,15483000,31098000,26104000,70483000,0.3917485090512953,0.08605539159288346,0.17284444666766713,0.14508751160244332
AMOT,2017-12-31,2.773751745229706,0.6032720070523315,0.092000870092848,187922000,15590000,32568000,31822000,52694000,0.28040357169463925,0.08295995146922659,0.1733059460840136,0.16933621396111154
AMOT,2018-12-31,2.4870259481037924,1.203343384440101,0.1564142103660632,285301000,8673000,54971000,43247000,122516000,0.4294271663961921,0.030399472837459383,0.19267720758076556,0.15158376591739953
AMOT,2019-12-31,2.47942797109839,0.9239391244525732,0.14280920180546,305828000,13416000,53385000,44429000,110128000,0.36009783276874585,0.04386779496972154,0.17455890238957847,0.14527446800162183
AMP,2016-12-31,2.350483870967742,0.8243801652892562,0.2086776859504132,139821000000,2486000000,0,5310000000,5187000000,0.0370974317162658,0.017779875698214147,0.0,0.0379771278992426
AMP,2017-12-31,2.485531075304176,0.8438698915763136,0.2468723936613845,147480000000,2620000000,0,5787000000,5059000000,0.03430295633306211,0.017765120694331435,0.0,0.039239218877135884
AMP,2018-12-31,2.5996478873239437,0.8205082319255548,0.3754473872584108,137216000000,3097000000,0,6185000000,4585000000,0.03341447061567164,0.022570254197761194,0.0,0.04507491837686567
AMP,2019-12-31,2.4064952638700947,0.8148018851457497,0.3304241577936813,151828000000,3827000000,0,7210000000,4668000000,0.030745317069315277,0.025206154332534182,0.0,0.04748794688726717
AMPE,2016-12-31,2.530803451380749,0.0,-2.888563559953701,13595786,4894834,0,0,0,0.0,0.36002581976503595,0.0,0.0
AMPE,2017-12-31,2.17691663686462,0.0,1.5183345410209268,15314603,8209071,0,0,0,0.0,0.5360289783548421,0.0,0.0
AMPE,2018-12-31,5.803468208092486,0.0,6.490832696715049,14030000,7585000,0,0,0,0.0,0.5406272273699215,0.0,0.0
AMPE,2019-12-31,1.9257703081232491,0.0,-2.1154741580009313,14001000,6532000,0,0,0,0.0,0.4665381044211127,0.0,0.0
AMPH,2016-12-31,3.037035815035386,0.0982703375802949,0.0298249077462756,427738000,72354000,79754000,26799000,32356000,0.07564443654760625,0.16915494999275257,0.18645525999560478,0.06265283888735627
AMPH,2017-12-31,2.794648172401476,0.1183180717693026,0.0109277992185439,451072000,65594000,63609000,42032000,39487000,0.08754034832576617,0.1454180263904654,0.14101739855278092,0.09318246311010216
AMPH,2018-12-31,2.0624707490124865,0.0930377367004076,-0.0172605170935671,513563000,86337000,69322000,52212000,30929000,0.06022435416881668,0.16811374651211244,0.1349824656371273,0.10166620258858212
AMPH,2019-12-31,2.8357275383572755,0.1019860186802179,0.1283255455389311,586971000,73685000,110501000,45687000,38894000,0.06626221738382305,0.12553431089440534,0.18825631930708672,0.07783519117639542
AMPY,2016-12-31,0.0773636243221842,0.0,-5.430047542944446,1973254000,0,0,34584000,0,0.0,0.0,0.0,0.017526380283531668
AMPY,2017-12-31,1.843829957043262,0.0,-0.2276250022211899,917464000,0,0,36391000,0,0.0,0.0,0.0,0.03966477158776802
AMPY,2018-12-31,2.0944305605141023,0.0,0.1310957897819751,836843000,0,0,29514000,0,0.0,0.0,0.0,0.035268264178585466
AMPY,2019-12-31,0.860840099528549,0.0,-0.0810604158845896,877539000,0,0,33145000,0,0.0,0.0,0.0,0.03777040108758699
AMRB,2016-12-31,0.0579173110028302,0.1431127012522361,0.0763744782349433,651450000,27589000,1348000,0,12000000,0.018420446695832374,0.04235014199094328,0.0020692301788318365,0.0
AMRB,2017-12-31,0.0770667119334578,0.156004212113727,0.0415751225283082,655622000,38467000,961000,0,12000000,0.018303229604863778,0.05867252776752458,0.001465783637522841,0.0
AMRB,2018-12-31,0.0548043851565372,0.140522744609949,0.0655772808179762,688092000,29733000,957000,0,10500000,0.015259587380757224,0.043210791580195675,0.0013908023927033013,0.0
AMRB,2019-12-31,0.0334864638879761,0.1266448757071005,0.0663377920370526,720353000,17810000,846000,0,10500000,0.014576186952785649,0.024723989488486895,0.001174424205910158,0.0
AMRC,2016-12-31,1.1860368726456176,0.9003452189218025,0.040882618770939,797281000,20607000,12104000,160139000,264977000,0.3323508273745392,0.025846596118557948,0.015181598457758306,0.20085641072595484
AMRC,2017-12-31,1.420179873554234,1.1322618976887886,0.1113748440377874,983951000,24262000,8139000,213510000,381142000,0.38735872009886674,0.02465773193990351,0.00827175336983244,0.21699251283854581
AMRC,2018-12-31,1.396797376813547,1.28370679933665,0.1007867330016583,1161634000,61397000,7765000,191639000,483797000,0.41647971736364464,0.052853997042097596,0.006684549522482985,0.16497364918726554
AMRC,2019-12-31,1.2630203150481067,1.1539351204133788,0.103615199507527,1374013000,33223000,9236000,320115000,494872000,0.36016544239392206,0.024179538330423366,0.006721916022628607,0.23297814503938463
AMRH,2016-12-31,0.7919568820466077,0.0,-0.2385486096604652,39507923,1379887,0,8059910,0,0.0,0.03492684239563796,0.0,0.20400743415441
AMRH,2017-12-31,0.482246440499209,0.0,-0.4667122399774245,52196628,4882084,0,8838453,0,0.0,0.09353255539802303,0.0,0.1693299613147424
AMRH,2018-12-31,0.6849599682482734,0.0,-1.5711472641747148,29637450,1371331,0,7871422,0,0.0,0.046270208806763066,0.0,0.26559039323558536
AMRH,2019-12-31,0.5283205427290307,0.0,-0.5278155515650027,25005152,431400,0,6384148,0,0.0,0.017252444616213492,0.0,0.25531330503409855
AMRK,2016-06-30,1.1409410436096707,0.0,0.1464404744980966,437147000,17142000,245057000,108967000,0,0.0,0.03921335386037191,0.5605825957858569,0.24926855268365103
AMRK,2017-06-30,1.1055025225046988,0.0,0.1018235116609906,478500000,13059000,284659000,128076000,0,0.0,0.02729153605015674,0.5948986415882968,0.26766144200626957
AMRK,2018-06-30,1.0617448777462233,0.0,-0.0517062924289932,743001000,6291000,280116000,137111000,0,0.0,0.008467014176293168,0.37700622206430406,0.18453676374594383
AMRK,2019-06-30,1.236465614295195,0.0,0.0319417726607137,705362000,8320000,292861000,143962000,0,0.0,0.01179536181421738,0.4151924827251822,0.2040966198916301
AMRN,2016-12-31,1.9190546761269,0.0,2.583627550715098,166999000,98251000,20507000,19985000,0,0.0,0.5883328642686483,0.12279714249785927,0.11967137527769628
AMRN,2017-12-31,1.412236248042016,0.0,0.7585732808727533,161598000,73637000,30260000,45318000,0,0.0,0.4556801445562445,0.1872547927573361,0.2804366390673152
AMRN,2018-12-31,2.4035977947769025,0.0,-0.8924356223175965,385714000,249227000,57802000,66523000,0,0.0,0.6461445526996686,0.14985714804233188,0.17246716479049243
AMRN,2019-12-31,3.5294615435421552,0.0,-0.038616128905737,882209000,644588000,76769000,116430000,0,0.0,0.7306522604054141,0.08701906237637566,0.13197552960806339
AMRS,2016-12-31,0.538127571267339,-0.9251917915909892,0.527712868334734,129873000,27150000,6213000,13977000,170647000,1.3139528616417577,0.2090503799866023,0.047839042757155066,0.10762052158647294
AMRS,2017-12-31,0.9814377925411444,-0.4896732026143791,0.7154317165462676,140796000,57059000,5408000,33708000,106761000,0.7582672803204636,0.4052600926162675,0.038410182107446234,0.23941021051734424
AMRS,2018-12-31,0.4355187592095817,-0.2848141957052848,1.0573072613383787,127925000,45353000,9693000,26004000,62020000,0.4848153214774282,0.3545280437756498,0.07577095954660934,0.2032753566542896
AMRS,2019-12-31,0.4568224554261281,-0.7739828053343342,0.9491353796471144,160966000,270000,27770000,28754000,197967000,1.2298684194177651,0.0016773728613496018,0.17252090503584608,0.17863399724165352
AMRX,2016-12-31,3.2261266344697055,-6.258114307302067,-1.1192077284257111,1218817000,27367000,266161000,407351000,1159566000,0.9513864673695888,0.022453739979012437,0.2183765077119863,0.3342183445094711
AMRX,2017-12-31,2.6001253018866017,-3.513448212392317,-0.434615115401865,1341889000,74166000,284038000,382727000,1355274000,1.0099747445578584,0.055269847207928526,0.21167026482816387,0.28521509603253326
AMRX,2018-12-31,2.3230910896452106,5.2116849925705795,-0.3362575532441803,4352736000,213394000,457219000,565322000,2630598000,0.6043550539247039,0.04902525675804827,0.10504174845430553,0.12987739205869595
AMRX,2019-12-31,2.19875873446147,11.245403215378648,-1.5599198310417657,3665890000,151197000,381067000,635893000,2609046000,0.7117087528540136,0.04124428174331472,0.10394938200546115,0.17346210606428453
AMS,2016-12-31,0.9061168068194908,0.2375436147941381,0.0432658757850662,60598000,2871000,0,4375000,5106000,0.0842602066074788,0.04737780124756592,0.0,0.07219710221459454
AMS,2017-12-31,0.9873431775285888,0.1508215962441314,0.0806086519114688,58176000,2152000,0,5235000,3598000,0.0618468096809681,0.03699119911991199,0.0,0.08998556105610561
AMS,2018-12-31,1.0498205615368377,0.1327384272169548,0.0407537248028045,57502000,1442000,0,6878000,3332000,0.05794581058050155,0.025077388612569997,0.0,0.11961323084414455
AMS,2019-12-31,1.3077672266861455,0.075058579495256,0.025314024507356,53783000,1429000,0,7063000,1954000,0.036331182715728015,0.026569733930795977,0.0,0.1313240243199524
AMSC,2017-03-31,1.7289008908340318,0.0,-0.4545046989672234,100244000,26784000,17462000,7956000,0,0.0,0.26718806113084076,0.17419496428713938,0.07936634611547823
AMSC,2018-03-31,2.4584080512351325,0.0,-0.6275440847039001,88175000,34084000,19780000,10365000,0,0.0,0.38654947547490787,0.2243266231925149,0.11755032605613835
AMSC,2019-03-31,3.64282694475761,0.0,0.3295973790844038,119330000,77483000,12119000,10743000,0,0.0,0.6493170200284925,0.10155870275706025,0.09002765440375429
AMSC,2020-03-31,2.3016845703125,0.0,-0.2367244077043437,124109000,24699000,18975000,16987000,0,0.0,0.1990105471803012,0.15288979848359105,0.1368716209138741
AMSF,2016-12-31,1.770040176933032,0.0,0.1707004274909569,1518856000,58936000,0,183005000,0,0.0,0.03880288848975808,0.0,0.12048870992378474
AMSF,2017-12-31,1.7261605206073751,0.0,0.1086706642565164,1518236000,55559000,0,175995000,0,0.0,0.0365944424977408,0.0,0.11592071324879663
AMSF,2018-12-31,1.7732478217009289,0.0,0.1748136723268629,1515931000,40344000,0,162478000,0,0.0,0.026613348496732372,0.0,0.10718034000228242
AMSF,2019-12-31,0.8668449783739497,0.0,0.2154504143277198,1492906000,43813000,0,157953000,0,0.0,0.029347460590284986,0.0,0.10580237469740225
AMSWA,2016-04-30,2.3946404031149795,0.0,0.1079309545387485,136724000,49004000,0,20548000,0,0.0,0.358415493987888,0.0,0.15028817179134607
AMSWA,2017-04-30,2.562791024171093,0.0,0.1409253012048192,148774000,66001000,0,19871000,0,0.0,0.44363262397999653,0.0,0.13356500463790716
AMSWA,2018-04-30,2.3312663963749105,0.0,0.1070578412563064,162965000,52794000,0,22018000,0,0.0,0.32395913232902773,0.0,0.13510876568588348
AMSWA,2019-04-30,2.6101946590566345,0.0,0.0593593759543483,161310000,61288000,0,20294000,0,0.0,0.3799392474118158,0.0,0.1258074514909181
AMT,2016-12-31,1.0334702384601238,2.704796120523966,0.1413998048434312,30879200000,787200000,0,397700000,18294700000,0.5924602968988834,0.02549288841679836,0.0,0.01287921966890334
AMT,2017-12-31,0.8109151705744199,3.0865657293919733,0.1984939517744132,33214300000,802100000,0,685700000,19264800000,0.5800152344020497,0.024149236925059388,0.0,0.020644722303345246
AMT,2018-12-31,0.5085609501268684,3.423155488090553,0.2317048031333745,33010400000,1208700000,0,671400000,18266300000,0.553349853379541,0.03661573322346897,0.0,0.020339044664711727
AMT,2019-12-31,0.4653680048107586,4.174387783360367,0.3734224789334177,42801600000,1501200000,0,675800000,21103200000,0.4930469888976113,0.035073455197936525,0.0,0.015789129378340996
AMTB,2016-12-31,0.0279481913951209,0.8430237095540606,0.0334578715180272,8434264000,130789000,0,0,594110000,0.07044005262344172,0.015506865803584046,0.0,0.0
AMTB,2017-12-31,0.0324232344288652,0.9610591280111488,0.0571464596190855,8436767000,152245000,0,0,724110000,0.08582790066384434,0.018045419530964883,0.0,0.0
AMTB,2018-12-31,0.0238576945113587,1.1293680376977808,0.0613217771046455,8124347000,85510000,0,0,844110000,0.10389881180604423,0.010525153590805513,0.0,0.0
AMTB,2019-12-31,0.0281474390674245,0.6496290288378713,0.0614998664192327,7985399000,121323000,0,0,542246000,0.06790468453736626,0.015193104314512023,0.0,0.0
AMTD,2017-09-30,1.098933108724644,0.3525596798675314,0.1203256519939285,38627000000,1472000000,0,18795000000,2555000000,0.06614544230719445,0.03810805912962435,0.0,0.4865767468351153
AMTD,2018-09-30,1.1163794680422932,0.2421591903036361,0.184055979007872,37520000000,2690000000,0,24363000000,1938000000,0.051652452025586354,0.0716950959488273,0.0,0.6493336886993604
AMTX,2016-12-31,0.2588550852439741,-2.0135905568715624,0.3138876621030232,77810000,1486000,3241000,1557000,100305000,1.2891016578845906,0.019097802339030974,0.04165274386325665,0.02001028145482586
AMTX,2017-12-31,0.3182474455797423,-1.7624150115443982,0.3865268582654063,94331000,428000,5737000,2219000,138161000,1.464640468138788,0.00453721470142371,0.060817758743149125,0.023523550052474796
AMTX,2018-12-31,0.2421616289720284,-1.487004140992214,0.2978627427983725,91821000,1188000,6129000,1096000,164824000,1.7950577754544168,0.01293821674780279,0.06674943640343713,0.01193626730268675
AMTX,2019-12-31,0.2175063560421314,-1.2551547226522772,0.2313617018520078,99896000,656000,6518000,2036000,193762000,1.93963722271162,0.00656682950268279,0.06524785777208296,0.020381196444302075
AMWD,2017-04-30,3.3422465688641045,0.0433509529038243,0.2020122060212967,501273000,176978000,42859000,63416000,15279000,0.030480396909468493,0.3530571165811843,0.08550031619496762,0.1265099057798844
AMWD,2018-04-30,2.1376140330292452,1.392377055521649,0.1085521735019298,1645345000,78410000,104801000,162351000,809897000,0.49223536705067933,0.047655658843585996,0.0636954559682012,0.09867292270010242
AMWD,2019-04-30,2.0458252556989103,1.1039601646159525,0.1349038370089288,1529931000,57656000,108528000,126910000,684845000,0.44763129840496074,0.037685359666547055,0.07093653243185477,0.08295145336619757
AMWD,2020-04-30,2.0897137642507357,0.8492344455261528,0.1068621545155295,1622806000,97059000,111836000,106344000,594921000,0.36660019743579947,0.059809367231819455,0.0689151999684497,0.06553093838696677
AN,2016-12-31,0.8088245385301586,0.6973553218196771,0.1863394364368263,10060000000,64800000,3520100000,437000000,1611100000,0.16014910536779325,0.006441351888667992,0.34991053677932404,0.04343936381709741
AN,2017-12-31,0.8512695849672622,0.8269109019541637,0.1834297049761533,10271500000,69200000,3365600000,455300000,1959200000,0.1907413717568028,0.006737088059192912,0.3276639244511512,0.04432653458599036
AN,2018-12-31,0.8631872890192821,0.6797496318114875,0.1458026509572901,10665100000,48600000,3650500000,435800000,1846200000,0.17310667504289692,0.004556919297521824,0.3422846480576835,0.0408622516432101
AN,2019-12-31,0.8648876514646484,0.4715853388570886,0.1423104898643306,10543300000,42000000,3305800000,437400000,1491200000,0.14143579334743392,0.0039835725057619535,0.3135450949892349,0.04148606223857806
ANAB,2016-12-31,10.197617379117029,0.0,0.1113522275674545,62180000,51232000,0,0,0,0.0,0.8239305242843358,0.0,0.0
ANAB,2017-12-31,17.93442157558552,0.0,-0.097762865716673,329364000,81189000,0,0,0,0.0,0.24650234998360476,0.0,0.0
ANAB,2018-12-31,19.88532698296391,0.0,-0.1267689903673167,508997000,113596000,0,0,0,0.0,0.22317616803242454,0.0,0.0
ANAB,2019-12-31,12.78933468765871,0.0,-0.2403310551890333,435197000,171017000,0,0,0,0.0,0.392964565472648,0.0,0.0
ANAT,2016-12-31,0.6080498142448201,0.0292508154245172,0.0389071527357723,24533222000,289338000,0,358353000,136080000,0.005546764301892348,0.01179372199868407,0.0,0.014606846177807383
ANAT,2017-12-31,0.7425191145490845,0.0261986494900947,0.0940868448503161,26386764000,375837000,0,358515000,137458000,0.005209354205009754,0.014243391118365253,0.0,0.013586925626802892
ANAT,2018-12-31,0.502042210483135,0.0262424371077795,0.0302430092702493,26912353000,268164000,0,354560000,137963000,0.00512638192580188,0.009964346112731205,0.0,0.013174619105211647
ANAT,2019-12-31,0.5920342007936901,0.0263778999754413,0.1035707840178278,28597566000,452001000,0,341924000,157997000,0.005524840820369118,0.015805575901109904,0.0,0.011956402163736592
ANCN,2016-12-31,2.3030099065534,0.0,-1.4401489348455605,5649033,4559863,0,128871,0,0.0,0.8071935497632956,0.0,0.022812930991906046
ANCN,2017-12-31,0.6876854599406528,0.0,16.101806239737275,2087000,1454000,0,88000,0,0.0,0.696693818878773,0.0,0.042165788212745546
ANCN,2018-12-31,3.976693372177713,0.0,-1.4072412034676185,12761000,7517000,0,3403000,0,0.0,0.5890604184625029,0.0,0.26667189091763965
ANCN,2019-12-31,4.419073040524145,0.0,-1.819303776242538,19755000,17575000,0,408000,0,0.0,0.8896481903315616,0.0,0.020652999240698557
ANDE,2016-12-31,1.323027947825391,0.5160319282608499,0.0149723449398923,2232849000,62630000,682747000,194698000,399595000,0.17896194503076562,0.028049366526800512,0.3057739238076556,0.08719711901700473
ANDE,2017-12-31,1.352632134676926,0.5146981975019689,0.0521478112173424,2162354000,34919000,648703000,183238000,419583000,0.19403992130798195,0.016148604715046658,0.29999852013130135,0.0847400564384925
ANDE,2018-12-31,1.2278130437391253,0.5982112963404559,0.0499613402993055,2392003000,22593000,690804000,207285000,496708000,0.207653585718747,0.009445222267697825,0.28879729665890885,0.08665750001149664
ANDE,2019-12-31,1.351007938640993,1.032380521974918,0.0188032168938281,3900741000,54895000,1170536000,536367000,1005136000,0.2576782206252607,0.014072967161880268,0.30008042061751855,0.13750387426388985
ANET,2016-12-31,3.320892258346698,0.0,0.1662625697315448,1729007000,567923000,236490000,253119000,0,0.0,0.32846772742967495,0.13677793091641618,0.14639559006990718
ANET,2017-12-31,4.277047772713977,0.0,0.2546467506742226,2460860000,859192000,306198000,247346000,0,0.0,0.3491429825345611,0.12442723275602838,0.1005120161244443
ANET,2018-12-31,4.4761485497210245,0.0,0.153082338296968,3081983000,649950000,279196000,331777000,0,0.0,0.2108869516801358,0.09058972745793861,0.10765049644985063
ANET,2019-12-31,5.814414963639348,0.0,0.297050180917723,4185290000,1111286000,257541000,391987000,0,0.0,0.2655218634789943,0.061534804039863424,0.09365826501867254
ANF,2017-01-28,2.344238683127572,0.2488179920944802,0.0031815092867741,2295757000,547189000,399795000,93384000,309389000,0.13476556970097445,0.23834796104291525,0.17414517303007243,0.04067677894480993
ANF,2018-02-03,2.4914746643653976,0.2417450713510128,0.005710012806076,2325692000,675558000,424393000,79724000,300339000,0.12913962811928664,0.29047612495549713,0.1824803112363976,0.03427968965795987
ANF,2019-02-02,2.390247568064668,0.2454925965753991,0.0616601869468111,2385593000,723135000,437879000,73112000,296776000,0.1244034502113311,0.30312588945390095,0.183551427255194,0.03064730656067485
ANF,2020-02-01,1.5511655060256035,0.2190789660090101,0.0371719194189703,3549665000,671267000,434326000,80251000,231963000,0.06534785676958248,0.18910714109641333,0.12235689846788358,0.022608048928560866
ANGI,2016-12-31,0.9432947019867548,0.3069267489926925,0.0857305183143844,295517000,36377000,0,18696000,47000000,0.1590433037693263,0.12309613321737836,0.0,0.06326539589938988
ANGI,2017-12-31,1.5340064662858612,0.2620526986568627,-0.1038087433784401,1467262000,221521000,0,28085000,260309000,0.17741139619236374,0.15097576301982876,0.0,0.01914109409226164
ANGI,2018-12-31,2.3560627518796244,0.1873549534975296,0.0588891656213036,1808027000,336984000,0,51513000,245986000,0.1360521717872576,0.1863821723901247,0.0,0.028491278061666115
ANGI,2019-12-31,2.326046502972729,0.1764803452515734,0.026500279999513,1921611000,390565000,0,41669000,231946000,0.12070393019190669,0.20324873244376723,0.0,0.021684409591743593
ANGO,2016-05-31,2.191826397110615,0.2056097060887806,-0.0859376848281246,726194000,32333000,55370000,52867000,104291000,0.14361313918870164,0.044523915097067726,0.07624684313007268,0.07280010575686387
ANGO,2017-05-31,2.152161754013088,0.1773110924281639,0.0097237620551932,707961000,47544000,54506000,46360000,91320000,0.12899015623741986,0.06715624165737943,0.07699011668721864,0.06548383314900115
ANGO,2018-05-31,2.9324444599570687,0.1596420903251965,0.0301053271777292,705472000,74096000,39274000,39401000,86621000,0.12278446203392905,0.10503039100063503,0.0556705298013245,0.05585055112038465
ANGO,2019-05-31,4.301274180786336,0.2023486739913632,0.0997698494669128,836438000,227641000,40071000,43577000,124407000,0.1487342755828884,0.2721552583694189,0.04790671872870434,0.052098302563967684
ANH,2016-12-31,0.2051519356380556,1.3363739445956315,0.0392383643848998,5395776000,31031000,0,760665000,766063000,0.1419745741854369,0.0057509800258572635,0.0,0.1409741620111732
ANH,2017-12-31,0.1618230281160509,1.1446890185228702,0.0932609959709026,5765541000,12273000,0,657442000,667364000,0.11575045602832414,0.002128681419488648,0.0,0.11402954206725786
ANH,2018-12-31,0.1759531565546497,1.2628274295373567,-0.0139176993751193,5039700000,3165000,0,577548000,588691000,0.11681072286048773,0.0006280135722364427,0.0,0.11459967855229478
ANH,2019-12-31,0.1989323157729436,1.0756077615047208,-0.121178394783681,4938631000,8236000,0,627668000,491912000,0.099604931002134,0.0016676686312461894,0.0,0.12709352045131536
ANIK,2016-12-31,19.370382998067964,0.0,0.1460993926553038,240246000,104261000,15983000,27598000,0,0.0,0.43397600792521,0.06652764249977107,0.11487392089774648
ANIK,2017-12-31,15.782681863382544,0.0,0.120747957235731,282617000,133256000,22035000,23825000,0,0.0,0.47150737570634466,0.07796770894886011,0.08430136899054197
ANIK,2018-12-31,17.977057312428027,0.0,0.0710210460828793,278993000,89042000,21300000,20775000,0,0.0,0.3191549608771546,0.07634600151258275,0.07446423386966698
ANIK,2019-12-31,14.394913067518583,0.0,0.0942963748968367,330710000,157463000,21995000,23079000,0,0.0,0.47613619182969974,0.0665084212754377,0.06978621753197665
ANIP,2016-12-31,3.2242080881432327,0.7111371781571253,0.0231891917381873,322864000,27365000,26183000,45895000,120643000,0.37366507260022797,0.08475704940780018,0.08109606521631399,0.14214963575994846
ANIP,2017-12-31,3.3548740695421637,1.1338895374121631,-0.0061571562635903,412138000,31144000,37727000,58788000,198154000,0.4807952676045402,0.07556692175921657,0.09153972698465077,0.14264154239599358
ANIP,2018-12-31,0.9234546871319066,0.3436630285456472,0.078544886775523,430604000,43008000,40503000,64842000,67792000,0.15743467315677515,0.09987831046622883,0.09406090050254991,0.15058383108377998
ANIP,2019-12-31,3.0432421038977884,0.855407418546837,0.0286384292568764,456789000,62332000,48163000,72129000,182023000,0.3984837638384462,0.1364568761506954,0.10543817823984378,0.15790441538653513
ANIX,2016-10-31,7.254076747817628,0.0,-5.153114358355376,5628107,2488323,0,0,0,0.0,0.44212432350699793,0.0,0.0
ANIX,2017-10-31,7.885323437059089,0.0,-0.6322150297308203,8812416,3339374,0,0,0,0.0,0.378939668758261,0.0,0.0
ANIX,2018-10-31,4.377775546967816,0.0,-2.575256568401312,6448542,3055890,0,0,0,0.0,0.47388851619482353,0.0,0.0
ANIX,2019-10-31,4.113320934440008,0.0,-2.224693158226389,6293693,3491625,0,0,0,0.0,0.5547815884886663,0.0,0.0
ANSS,2016-12-31,2.169172695232795,0.0,0.1202840964406438,2800526000,822479000,0,322029000,0,0.0,0.29368732873753,0.0,0.11498875568375369
ANSS,2017-12-31,2.0873547579257683,0.0,0.1154365577819524,2941623000,881501000,0,361477000,0,0.0,0.29966484488324985,0.0,0.12288352382341312
ANSS,2018-12-31,2.498588897548817,0.0,0.1582817742051754,3265964000,777139000,0,498553000,0,0.0,0.23795087759693614,0.0,0.15265110086945233
ANSS,2019-12-31,2.237649969790258,0.0,0.1306821521761729,4838887000,872094000,0,637830000,0,0.0,0.18022615531216166,0.0,0.1318133694793865
ANVS,2017-12-31,0.7302088858063727,0.0,0.0979603937084742,357963,347472,0,0,0,0.0,0.9706925017390039,0.0,0.0
ANVS,2018-12-31,0.0897836578670746,0.0,0.0940058096607238,50992,35312,0,0,0,0.0,0.6925007844367609,0.0,0.0
ANVS,2019-12-31,0.3717581715858974,0.0,0.115547315890117,1117107,1858,0,0,0,0.0,0.0016632247403337358,0.0,0.0
ANY,2016-12-31,0.7063517991319364,0.0,-3.348332192115817,92556000,5056000,10002000,11591000,0,0.0,0.0546263883486754,0.10806430701413199,0.12523229180172005
ANY,2017-12-31,1.0822754321337489,0.0,-2.5025327343974,83280000,600000,1449000,1911000,0,0.0,0.007204610951008645,0.01739913544668588,0.022946685878962536
ANY,2018-12-31,0.3627969706401079,0.0,4.674157303370786,11286000,341000,1230000,1142000,0,0.0,0.03021442495126705,0.10898458266879318,0.10118731171362749
ANY,2019-12-31,0.2920553716521216,0.0,0.5942531926707385,8406000,149000,753000,369000,0,0.0,0.017725434213656906,0.08957887223411846,0.04389721627408993
AOBC,2016-04-30,2.7182116288175413,0.5411154715804247,0.3052407932011331,619503000,191279000,77789000,59856000,166564000,0.2688671402721214,0.3087620237512974,0.1255667849873205,0.0966193868310565
AOBC,2017-04-30,2.105464643459288,0.5358020358020358,0.3251941947594121,788036000,61549000,131682000,119087000,210657000,0.26731900573070266,0.07810429980356227,0.16710150297702137,0.15111873061636777
AOBC,2018-04-30,2.685326076160585,0.4271108710689142,0.0476799605825445,745060000,48860000,153353000,61258000,180304000,0.24199930206963197,0.06557861111856764,0.20582637639921617,0.08221888170080262
AOBC,2019-04-30,2.6840038460501603,0.3362268362268362,0.0414225414225414,766789000,41015000,163770000,87371000,149434000,0.1948828165244937,0.05348929105660097,0.21357896370448715,0.11394399241512333
AOD,2016-10-31,1.416133530065369,0.0,-0.0207631321459704,957016516,2932043,0,27648938,0,0.0,0.003063732914720147,0.0,0.028890763678314616
AOD,2017-10-31,0.4247137967353407,0.0,0.1961328013897057,1105752480,586087,0,14285899,0,0.0,0.0005300345335874806,0.0,0.012919617417453136
AOD,2018-10-31,1.0755095006855675,0.0,0.0071285333875763,1051633744,3741095,0,57086177,0,0.0,0.0035574124749652384,0.0,0.054283325659432245
AOD,2019-10-31,8.9558404708246,0.0,0.0947404972761084,1009370863,420901,0,13146776,0,0.0,0.0004169934118655058,0.0,0.013024723104177814
AON,2016-12-31,1.0521008403361345,1.0719634703196348,0.2549771689497717,26615000000,397000000,0,2206000000,5869000000,0.2205147473229382,0.014916400526019162,0.0,0.08288559083223745
AON,2017-12-31,1.0722853782830262,1.236526292821296,0.2675103643901375,26088000000,717100000,0,2592000000,5667000000,0.2172263109475621,0.027487733823980374,0.0,0.09935602575896964
AON,2018-12-31,1.0809265944645006,1.4437484943387136,0.2731871838111298,26422000000,618900000,0,2873000000,5993000000,0.22681856029066688,0.023423662099765347,0.0,0.10873514495496177
AON,2019-12-31,1.0581208657119003,1.9635555555555555,0.4539259259259259,29405000000,735500000,0,3200000000,6627000000,0.22536983506206426,0.02501275293317463,0.0,0.10882502975684408
AOS,2016-12-31,2.0402298850574714,0.2088035372533491,0.2154688840493631,2891000000,330400000,251100000,518700000,316400000,0.10944309927360775,0.11428571428571428,0.08685575925285369,0.1794188861985472
AOS,2017-12-31,2.225875535399345,0.2449389020609155,0.1802541187914159,3197400000,346600000,297000000,592700000,402900000,0.12600863201351098,0.1084005754675674,0.09288797147682493,0.18536936260711828
AOS,2018-12-31,2.0864637718069527,0.1289458357600466,0.2587070471753058,3071500000,259700000,304700000,647300000,221400000,0.07208204460361387,0.08455152205762656,0.09920234413153182,0.2107439361875305
AOS,2019-12-31,1.9574690150032616,0.1663066954643628,0.2219822414206863,3058000000,374000000,303000000,589500000,277200000,0.09064748201438849,0.1223021582733813,0.09908436886854154,0.19277305428384564
AOSL,2016-06-30,2.7048071387449624,0.0,-0.0120920782020467,318505000,87774000,68848000,26594000,0,0.0,0.27558123106387655,0.21615987190154,0.08349633443744996
AOSL,2017-06-30,2.3756822252660417,0.0,0.0510728662702662,398408000,115708000,76254000,29618000,0,0.0,0.29042589506234817,0.19139675910122286,0.07434087668922311
AOSL,2018-06-30,1.8438841479182828,0.0,0.0511963646022527,667049000,131535000,90182000,52026000,0,0.0,0.19718941187229125,0.13519546540059277,0.07799427028599099
AOSL,2019-06-30,1.659313119507316,0.0,0.0063946616086645,739394000,121893000,111643000,55444000,0,0.0,0.16485527337251857,0.15099256959077298,0.0749857315585466
AP,2016-12-31,1.534832145926316,0.1716423964629051,-0.539623304804013,565889000,38579000,83579000,85112000,25389000,0.044865689207600784,0.06817414722675295,0.14769504266737823,0.15040405450538888
AP,2017-12-31,1.660643805600293,0.2834070504149338,-0.0760596699404181,565599000,18656000,93452000,94731000,45045000,0.0796412299173089,0.032984499618988014,0.16522660047135868,0.1674879198867042
AP,2018-12-31,1.360775859494903,0.1388663736514641,-0.79154061304869,571119000,19713000,94196000,86216000,12164000,0.021298538483223287,0.03451644928640091,0.1649323521017511,0.15095978246214886
AP,2019-12-31,1.5568613561723228,0.6150715746421268,-0.429161554192229,506560000,6960000,82289000,98043000,30077000,0.059375,0.013739734680985471,0.16244669930511688,0.1935466677195199
APA,2016-12-31,1.7585458491589798,1.3696697659506252,-0.22523244629689,22519000000,1377000000,476000000,1128000000,8544000000,0.37941294018384475,0.061148363604067675,0.021137705937208578,0.05009103423775479
APA,2017-12-31,1.452808112324493,1.069848975188781,0.1758360302049622,21922000000,1668000000,368000000,1345000000,7934000000,0.3619195328893349,0.07608794817991059,0.016786789526503056,0.06135389106833318
APA,2018-12-31,1.2208087233075875,1.1295932678821878,0.005610098176718,21582000000,714000000,401000000,1194000000,8054000000,0.37318135483273096,0.03308312482624409,0.018580298396812158,0.05532388101195441
APAM,2016-12-31,7.992602031786485,1.5145052425385883,0.5544715323701134,936166000,156777000,0,59739000,199477000,0.21307866339943984,0.1674670945110162,0.0,0.0638124007921672
APAM,2017-12-31,9.450607272858328,1.811531708559628,0.451215851095767,837155000,159167000,0,93461000,199129000,0.23786395589825063,0.19012847083276097,0.0,0.11164121339536884
APAM,2018-12-31,7.569513943756767,1.4757856698557508,1.1722771837327093,805014000,174906000,0,73257000,199296000,0.2475683652706661,0.21727075553965522,0.0,0.09100090184766974
APAM,2019-12-31,2.08714959023601,1.497499191467918,1.1773430507607725,933619000,143626000,0,83515000,199103000,0.21325937025703204,0.15383791460970694,0.0,0.08945297814204724
APD,2016-09-30,1.3150071578690872,0.5540426012769083,0.0891434544324538,18028600000,1293200000,255000000,1480700000,3922400000,0.21756542382658664,0.07173047269338717,0.014144193115383336,0.08213061468999257
APD,2018-09-30,2.173459350810418,0.3088003684089339,0.1379507253050886,19178300000,2791300000,396100000,1376800000,3352800000,0.1748225859434882,0.14554470417085977,0.02065355114895481,0.07178947039101484
APD,2019-09-30,2.5362732714591685,0.2911268726930592,0.1592241441702251,18942800000,2248700000,388300000,1415400000,3218000000,0.16987984880799037,0.1187100111915873,0.02049855354013134,0.07471968241231497
APDN,2016-09-30,2.7789795122510084,0.0,-1.1746750391349994,15565831,4479274,297759,6374895,0,0.0,0.28776324245072427,0.01912901405649335,0.4095441483336161
APDN,2017-09-30,4.816209675676844,0.0,-1.8745431666005643,8153948,2959781,326468,2587969,0,0.0,0.36298747551492844,0.04003802820425148,0.3173884601667805
APDN,2018-09-30,1.4182294656715784,0.0,-15.497523535360363,5633733,1659564,221369,1485938,0,0.0,0.29457626053630864,0.03929348444450597,0.2637572636118893
APDN,2019-09-30,0.955617789927827,0.0,10.24782312626046,3564735,558988,142629,839951,0,0.0,0.15681053430339137,0.040011108820150715,0.2356278937985572
APEI,2016-12-31,3.761161825726141,0.0,0.0912645936449163,315620000,146351000,0,6949000,0,0.0,0.4636936822761549,0.0,0.02201698244724669
APEI,2017-12-31,4.4089640377384605,0.0,0.0729805187176492,339038000,176905000,0,7136000,0,0.0,0.521785168624166,0.0,0.02104778815354031
APEI,2018-12-31,5.246571016062083,0.0,0.0798061419509067,370958000,210431000,0,14957000,0,0.0,0.5672636794461907,0.0,0.040319928401598024
APEI,2019-12-31,4.9231193957330275,0.0,0.033744140355134,354897000,201440000,0,13082000,0,0.0,0.5676013040403272,0.0,0.03686139922287311
APEN,2016-12-31,2.1509368836291913,0.9295093948181152,-0.9705306834523894,102124000,19111000,12163000,10509000,39427000,0.3860698758372175,0.18713524734636325,0.1191003094277545,0.10290431240452783
APEN,2017-12-31,2.2302241839934953,0.6675815919700279,-0.5467914170656943,109061000,30513000,14343000,11729000,33321000,0.30552626511768644,0.27977920613234797,0.13151355663344366,0.10754531867487002
APEN,2018-12-31,1.968259162303665,0.7349982656954561,-1.5881720430107529,74468000,23996000,9932000,11391000,21190000,0.2845517537734329,0.32223236826556373,0.13337272385454155,0.15296503196003652
APEN,2019-12-31,0.9661103639015703,8.739519547809703,-12.921337729627885,74582000,29905000,8865000,9232000,18554000,0.24877316242525005,0.40096806199887375,0.11886246011101874,0.12378321847094473
APEX,2017-01-28,1.0241473736619369,0.0,-0.1091567797782018,166016000,8378000,0,15720000,0,0.0,0.05046501542020046,0.0,0.09468966846569006
APEX,2018-02-03,0.2589670686746235,0.0,-2.3217499481650425,103597000,3174000,0,10277000,0,0.0,0.0306379528364721,0.0,0.0992017143353572
APEX,2019-02-02,0.9147769516728624,0.0,-0.7630604417405105,93111000,4284000,0,4702000,0,0.0,0.04600960144343848,0.0,0.0504988669437553
APEX,2020-02-01,0.1177801053478452,0.0,-2.150738731999252,82922000,1209000,0,5119000,0,0.0,0.014579966715708739,0.0,0.06173271266973782
APG,2018-08-31,8912.147176363389,0.0,-0.1318483163869696,1242148337,11672995,0,8711,0,0.0,0.00939742432710756,0.0,7.01285002807197e-06
APG,2019-12-31,1.6306196840826246,0.0,-0.3483210017074559,4011000000,256000000,0,975000000,0,0.0,0.06382448267265022,0.0,0.24308152580403888
APH,2016-12-31,2.1961839530332683,0.7171623717652181,0.2239244605295382,8498700000,1034600000,928900000,1349300000,2635500000,0.31010625154435384,0.12173626554649535,0.10929906926941768,0.15876545824655536
APH,2017-12-31,2.9479549195897174,0.8876384781192039,0.1630407539225024,10003900000,1719100000,1106900000,1598600000,3541500000,0.35401193534521536,0.17184298123731745,0.11064684772938554,0.15979767890522698
APH,2018-12-31,1.8649696079631215,0.6986308190191686,0.2999751058003485,10044900000,1279300000,1233800000,1791800000,2806400000,0.2793855588408048,0.12735816185327878,0.12282850003484355,0.17837907794004917
APH,2019-12-31,1.9745862052796923,0.7071054897026687,0.254950003311039,10815500000,891200000,1310100000,1736400000,3203400000,0.2961860293097869,0.08240025888770745,0.12113170912116869,0.16054736258148028
APLE,2016-12-31,1.426080684474954,0.3805466718831389,0.0411286231925264,4979883000,0,0,31660000,1338407000,0.26876274000814876,0.0,0.0,0.0063575790836852995
APLE,2017-12-31,0.7326232320223507,0.3422478042387677,0.0511026760774386,4902338000,0,0,31457000,1222196000,0.24930879918928478,0.0,0.0,0.006416734219468343
APLE,2018-12-31,0.75967296409057,0.4149204607789358,0.06045332809232,4928672000,0,0,29091000,1414468000,0.28698765103459917,0.0,0.0,0.005902401295927178
APLE,2019-12-31,0.7638150646539227,0.4041187318312021,0.0522383229722884,4942411000,0,0,26926000,1329960000,0.26909134023860015,0.0,0.0,0.00544794837984943
APLS,2016-12-31,7.521076204101306,0.0,0.3973688279298311,27433258,24863488,0,0,0,0.0,0.9063264742379487,0.0,0.0
APLS,2017-12-31,27.771814527953943,0.0,-0.3424541062257029,182131456,175643529,0,0,0,0.0,0.9643777788719814,0.0,0.0
APLS,2018-12-31,11.890977630203151,0.0,-0.7920736226907608,203533559,176267666,0,0,0,0.0,0.8660373594705333,0.0,0.0
APLS,2019-12-31,5.674200584464675,0.0,-8.901825801681559,389244980,351985085,0,0,0,0.0,0.9042764918895037,0.0,0.0
APLT,2017-12-31,3.309164149043303,0.0,1.0810401413784398,3286000,3277000,0,0,0,0.0,0.9972611077297624,0.0,0.0
APLT,2018-12-31,4.57226738934056,0.0,0.8432523478971009,20246000,18748000,0,0,0,0.0,0.9260100760644078,0.0,0.0
